0	采荷一小是分校吧
1	毛坯吗？
2	你们的佣金费大约是多少和契税是多少。
3	靠近川沙路嘛？
4	这套房源价格还有优惠空间吗？
5	这个税多少钱
6	这套房源价格还有优惠空间么？
7	有房子可以带我看看吗？
8	光线不好，是吗
9	几期的？
10	什么情况呢？
11	这套房源价格还有优惠空间吗？
12	边户吗？
13	明天还得去看一下这套
14	看房方便吗
15	这个小区配套哪个小学和中学
16	首付多少
17	价格最低多少卖？
18	采光怎么样呢？
19	想看一下房子
20	这个房子价格能谈吗
21	我想看看碧桂园的房子。
22	房价还能谈吗？
23	这是一期吗
24	您好，我想看一下这房子
25	您好，请问这个户型有啥优缺点
26	临街吗
27	先看房子嘛
28	您好，请问这个房子周边有哪些学校
29	请问首付和贷款是多少？
30	你好 请问这个房源信息只有这些吗？
31	什么时候能够看房呢？
32	对了我还想看河东的一个房子
33	看房什么时候方便
34	什么时候能够看房呢？
35	你好，这个房子是要全款？
36	都不满吗？怎么交易
37	临街吗？
38	明天什么时候可以看看呢
39	您好，请问这个户型有啥优缺点
40	是实验学校吗
41	2020年5月买的1手？
42	什么时候能够看房呢？
43	能看吗
44	什么时候友谊医院能开张
45	这个价格还有的谈吗
46	北师大附中市重点中学吗
47	总的税费？
48	这是哪里的房子
49	学区划分在哪个小学
50	什么时候能够看房呢？
51	不挡光吧、
52	这个最低多少钱
53	2楼这套给256万能谈下来吗
54	都看看吧
55	那您帮我约一下，看看他们什么时候方便，谢谢
56	行，明天都看看
57	看房方便吗
58	临大路哈？
59	拎包入住？就是说家具这些房东不拿走？
60	什么时候能够看房呢？
61	我想了解一下这里的房子
62	上哪个小学呢
63	51看看哪天我约你吧
64	北一路哪？
65	那前面光线怎么样
66	这套房配套学区怎么样啊
67	靠马路吗
68	在小区的什么位置？
69	在哪
70	这个户型的西南是不是比东南好点采光
71	这套房源价格还有优惠空间么？
72	周边配套怎么样
73	在哪里呢
74	这个约看
75	多久满呢
76	您好，我正在看芍药居北里的房子
77	看看呢
78	最低多少钱啦
79	这套房源价格还有优惠空间么？
80	这是在什么地方
81	可以去看吗
82	中学呢
83	想了解一下购房政策
84	采光好吗？
85	哦哦采光怎么样？
86	这疫情能看？
87	能配家具家电吗
88	什么时候能够看房呢？
89	什么时候能够看房呢？
90	带家具吗
91	您好，请问这个房子的首付、税费和贷款是怎样的？
92	什么时候看房
93	您好，请问这个房子周边有哪些学校？
94	这房子能贷多少年
95	大税多少
96	那个楼是临街的我看
97	这个税费多少？小产权哦
98	您好，请问这个房子周边有哪些学校？
99	您好，我想了解长桥六村即将上架的1室房源报价。
100	带家具家电？
101	我看房本不满两年 税费是不是很高
102	是的，配套都齐全的
103	税费高吗
104	家具？
105	那能看吗？
106	能约上哪个看哪个
107	这个房子是中间套还是边套
108	请问首付和贷款是多少？
109	带我看看
110	750那套 能谈到多少呢
111	几期的
112	您好 什么时候有空带我去看一下观澜的房子
113	学位呀！配套设施呀！
114	其他费用还有哪些？还有议价空间吗？
115	这家能看房吗
116	有时间去看看约你
117	这套房子是带家具家电  还是空房出售
118	哦哦，这个小区吗
119	这是没装过的？
120	最近有好的房子吗？带我看看
121	这套在小区什么位置啊
122	在哪里
123	有没有税
124	方便看吗
125	靠哪边，黄河哪边不
126	这套价格有得谈吗
127	临街吗
128	价格能少吗
129	您好，请问这个房子周边有哪些学校？
130	这种房子可以商业贷款吗
131	您好，请问这个房子周边有哪些学校？
132	初中呢
133	哪里
134	这个是一期？
135	这个小区给按揭吗
136	能公积金吗？
137	增值税有没有
138	明天能看吗？
139	要全款吗？
140	周边配套成熟一点的
141	他最低多少钱？
142	可以贷多少年
143	您好，我正在看造甲南里的房子
144	这个是什么学区啊
145	这个可以谈到多少
146	这个房子怎么有时候能看到，有时候看不到呢，在官网上
147	是啊，现在心里底线多少？
148	目前他们最低心里价位
149	有房产证照片么
150	学区怎么样?
151	税多少？
152	这个最低多钱？
153	这套房源价格还有优惠空间吗？
154	这套房源价格还有优惠空间么？
155	配套啥的我都了解
156	这套支持公积金吗
157	这个再哪里？
158	好的。这个房子靠马路不
159	满二，怎么出税的呢？
160	明天这个房子能看吗
161	什么时候能够看房呢？
162	哦，价能谈吗？
163	对了明天1150可以看吗
164	可以看看
165	方便带看一下吗
166	您好，请问这个房子周边有哪些学校
167	还有据我所知这个小区在售的清水和简装是很少的，上次看过，已经比较了解了，为什么这一套挂了一年多还没卖出去啊，房子有什么问题吗??
168	什么时候能够看房呢？
169	是精装的吗
170	价格可以少吗
171	这是几期的
172	您好，请问这个房子的首付、税费和贷款是怎样的？
173	房屋买卖怎么会有赠予税呢
174	这个小学是什么
175	能看吗
176	他这个家具怎么办
177	教育方面是七小么
178	您好，请问这个房子周边有哪些学校？
179	低多少啊
180	这套房源价格还有优惠空间么？
181	这是几期的
182	您好，方便带我看下上次说的房子吗
183	这套房源价格还有优惠空间么？
184	A7的房子怎么样？
185	全款呢
186	下午能看么
187	这个最低多少钱啊
188	这套可以，可以去现场看看么？
189	离地铁口近点的，然后附近有公园，学校的，小区相对而言年限近点的
190	哦，这样，这套明天方便看看吗
191	最低多少啊
192	其他费用还有哪些？还有议价空间吗？
193	您好，我想了解融创文旅城御林即将上架的4室房源报价。
194	价格最低多少可以卖
195	下证了吗
196	可谈到多少？
197	有增值税不
198	您好，我想咨询绿地世纪城七期小区
199	我安排下时间，可以去看看
200	能看吗？
201	什么时候看房方便
202	这套房源价格还有优惠空间么？
203	这套可以纯公积金贷款吗
204	家私家电，业主是搬走还是留下？
205	有没有老证的
206	您好，我想了解海亮彩悦府即将上架的3室房源报价。
207	税费高吗
208	什么时候能够看房呢？
209	哪里？
210	有相关的介绍吗，位置在哪
211	有房子证？
212	意思业主贷款买的房子吗
213	花园可以看吗？
214	方便看房吗
215	可以看看房子吗？
216	上次的房子什么时候可以看
217	380如果各付各税，，也可以考虑入手
218	您好，我想咨询金桥商务公寓小区
219	最低多少
220	这种户型不靠马路的有吗？
221	房子靠路边吗？
222	税费如何
223	您好，我正在看北纬40度二期的房子
224	您好，请问这个房子周边有哪些学校
225	你好，这套房子房主多钱卖
226	什么小学
227	什么时候满2年
228	凤城楼70那个能谈多少
229	这个房子是毛坯对吗
230	什么时候能够看房呢？
231	价位还能合适不，这个光线不足吧
232	我要家具家电啥用??
233	对口学区？
234	满几年了吗？
235	周边没啥配套
236	对应哪个小学和初中？
237	这个能看吗？
238	这个南区和北区化片区小区和初中是一个吗
239	请问首付和贷款是多少？
240	今天可以看？
241	这套房源价格还有优惠空间么？
242	物业配套咋样，安静不？
243	位置在哪
244	3-301约看不了吗？
245	这个小区怎么样？
246	挡采光吗
247	你估计最低多少
248	三区在一区南面 靠近公平路
249	请问一会可以再看一下嘛？
250	装修一般是吧
251	有没有房产证呢
252	满几年？
253	看房方便吗？
254	哦哦毛柸吗
255	这套房源价格还有优惠空间么？
256	最低90万？
257	嗯，这房子方便看吗
258	边户？
259	是不是有这个户型的啊
260	有增值税吗
261	我看上面是毛坯呢
262	你多找几套一起看看
263	可以贷款吗
264	还有电梯房跟这儿配套差不多比较好的嘛？
265	428万那个房子最低多少钱啊
266	什么时候能够看房呢？
267	我想了解一下读龙舟路小学的学区房
268	147号02户型的吗？
269	对口的初中是哪里
270	这个能看吗
271	330能拿下来吗
272	靠路的不考虑
273	105万房东卖不卖吗？看过
274	请问这个房子还有得谈吗？
275	房子这几天能看吗？
276	价格还有空间吗？
277	您好，我想咨询越秀滨海珺城小区
278	你帮忙先谈下价格啊，看下业主的意向
279	您好 这套贷款买 税费多少
280	你看可以不
281	价格最低多少？
282	你好，可以带我看一下中海的两房吗？
283	包括西区的也想看一下
284	什么时候能够看房呢？
285	带家具家电车位吗
286	这套房源价格还有优惠空间吗？
287	相信没几个人愿意接盘的
288	这房子目前有谈价吗
289	那里远啊。那里配套不如西区
290	您好，请问周边配套怎么样
291	您好，我正在看恒鼎博邑郡的房子
292	现在方便看房吗？
293	这个房子是否有增值税
294	您好，我想咨询鹏程国际小区
295	下午可以来看看吗
296	这个房子什么时候可以看
297	您好，请问这个房子周边有哪些学校？
298	这些房价可以小刀么？
299	这个学区读哪个小学
300	对口小学是哪个
301	您好，方便带我看下上次说的房子吗
302	能介绍一下户型吗
303	底价多少
304	装修怎样的
305	什么时候能够看房呢？
306	房价可以少吗
307	嗯呢，那什么时候可以看房呢
308	一般产证上怎么写的？
309	有证吗
310	那首付和税的一起多少钱
311	议价空间大吗？
312	附近没什么好学校是吗
313	您好 是南北通透吗
314	这个长椿街小学对口哪个初中啊
315	您好，请问这个户型有啥优缺点
316	什么时候能够看房呢？
317	装修 怎么简单怎么来
318	姑苏区哪个小学好，中学是哪个好
319	先看这套能不能谈陇吧
320	具体看房子吧
321	能不能看？
322	之前那套房子业主还能便宜不
323	什么时候能够看房呢？
324	这套房源价格还有优惠空间吗？
325	是一期还是二期
326	您好，我想咨询碧桂园翠堤春晓小区
327	周边有啥
328	这是一期还是二期的房子？
329	天华北路？
330	适合我养猪是吗
331	昨天房子卖了，想看看附近房子
332	这个小区房子采光怎么样？
333	这周边生活设施咋样
334	能看房吗
335	您好，请问这个房子周边有哪些学校
336	我武汉户口无武汉社保是不是需要全款？
337	这套二套的话可以贷款多少呢
338	什么学校
339	付款方式好最低什么价格？
340	我周末正好去惠州玩，顺便看看房子
341	哦，那个155万好久能看呢？
342	证在手还是抵押？
343	这是读啥学校啊
344	实际空间差不多？
345	这套房子什么时候可以看
346	什么时候能看
347	毛坯呀
348	送点家具才行
349	精装修满五唯一
350	什么时候能够看房呢？
351	业主底价多少
352	价格可以谈多少了，17000房东卖不卖
353	前几套590多吧
354	价格还能谈吗
355	这个今天能看吗
356	这个房子有增值税没有
357	2000万能下来？
358	可以看下吗
359	价钱能有多大空间
360	毛坯还是精装？
361	约到的话，我今天用空可以看看
362	这个装修怎么样
363	其他费用还有哪些？还有议价空间吗？
364	请问增值税是卖方承担吗？
365	有毛坯吗
366	两个能都看吗
367	可以去看看
368	有高税吗
369	这会躺着想看看房
370	得周末了，我先选几套相中的，集中看一下
371	嗯！价位多少？有房产证么
372	您好，我正在看梧桐公馆的房子
373	这个房子可以看吗
374	这套房子方便看吗？
375	房价是不是要降
376	公积金能用吗
377	能看吗
378	这个是不是一期的
379	房价可谈吗？
380	三楼是不是挡光
381	能看房吗
382	有学校么 附近？
383	对口的是哪个中学
384	好谈是能谈多少点？
385	看一下嘛
386	我想问下这个房子朝马路吗？
387	不能贷款是吧
388	18年的房子，税高吗
389	能看一下吗
390	能看吗
391	你的意思是阳台就是露台对吧。好像阳台那边靠马路呀。
392	而且没什么议价空间
393	您好，请问这个房子周边有哪些学校？
394	您好，请问这个户型有啥优缺点
395	房东贷款情况怎么样
396	临南大街？
397	怎么会还在降价
398	能带看吗
399	方便看房吗
400	你不是说有装修好的可以看一下吗
401	这套房源价格还有优惠空间么？
402	您好，我想咨询#汇侨新城东区#小区
403	是要考虑后续的配套
404	这个房子满两年是多少税啊
405	这套房源价格还有优惠空间吗？
406	您好，请问这个户型有啥优缺点
407	您好，请问这个房子周边有哪些学校？
408	中学呢
409	什么时候能够看房呢？
410	这个可以看？
411	有税吗
412	几楼的影响采光吗
413	房子过两年？
414	我了解了一阵子，准备今年换大房子呢
415	能现场看了吗
416	最低多少钱
417	这个有证么
418	有些还可以签个合同，等证满在过户给是
419	这是几期的
420	您好，我想了解紫罗兰家苑即将上架的2室房源报价。
421	这套房源价格还有优惠空间吗？
422	您好，请问这个房子周边有哪些学校？
423	今天能看吗
424	什么时候能够看房呢？
425	这套什么时候满两年，或者说六期的房子什么时候满两年
426	您好，请问这个户型有啥优缺点
427	都有房产证嘛？
428	这在南区还是北区
429	这个采光是不是不怎么样
430	您好，我正在看卓越世纪中心的房子
431	明天能看吗
432	那么我想一下。再降点价能够卖出去吗
433	河沿里是昆明路么
434	过两年了吗
435	大唐和颐和主要在坡上生活配套不行
436	您好，请问周边配套怎么样
437	小区大吗？
438	什么时候能够看房呢？
439	有营业税吗
440	那税费很高
441	贷款最多能贷多少年
442	保利的今晚可以看吗
443	周围环境安静吗
444	这个房子是带全屋家电吗？
445	税费情况是怎样的
446	现在可以看吗
447	能看么？
448	你好，产权几年了
449	你就告诉我可以谈的空间吧在5-10万，还是10-20万
450	是小区第几期的房子？
451	165万这个价格可以商量？
452	会挡光吗
453	议价空间大吗？
454	房主报价最低多少？
455	价格合适就过去看房子
456	这个什么时候去看看
457	您好，我想咨询畔山御景花园小区
458	什么时候能够看房呢？
459	您好，能帮我详细介绍下源升金锣湾么
460	您好，请问这个户型有啥优缺点
461	其他费用还有哪些？还有议价空间吗？
462	这套房子什么时候可以看？
463	能看吗？
464	90万能谈不？
465	税费高吗？
466	还没，今晚可以看吗？装修咋样？
467	新修的学校嘛
468	业主最低啥价位可以出啊
469	这个小区叫什么名？学校是哪的
470	可贷款吗？
471	其他费用还有哪些？还有议价空间吗？
472	我想看下这套
473	什么时候能够看房呢？
474	对的，这套的话有空间吗
475	在吗，我想看一下房
476	价位还能谈吗
477	什么时候能够看房呢？
478	可以看房吗
479	您好，请问这个房子周边有哪些学校？
480	光线遮挡严重吗
481	采光怎么样？
482	一期还是二期
483	您好，请问这个户型有啥优缺点
484	华苑小区的能看不
485	中间户哈
486	不是向阳路新飞大道交叉口吗
487	如果这个空间大
488	可以看房吗
489	海杨城现在有什么可以看的
490	这个房子下降的空间有多大
491	价格还能谈到多少
492	啥时候能看房？
493	带家具吗
494	这套是装了吗
495	还有那一套可以看
496	没有友情价吗
497	这个也谈过价格么
498	这套最低多少钱？
499	这个小区附近生活配套
500	几楼 挡光吗
501	能看嘛？
502	采光好嘛
503	边户还是中户？
504	我现在说的不是税
505	额这个小区生活配套完善吗是小高层？
506	是临街的吗？
507	这套采光如何
508	那个房子上午能看嘛，
509	这不是百家湖小学？
510	这个房子今天下午能看吗
511	这套房子能看吗
512	什么时候能够看房呢？
513	中学呢
514	什么时候能看
515	可以，到时候看房，我再留电话
516	这套房源价格还有优惠空间么？
517	学区呢
518	此房是什么情况？
519	满几年了
520	什么时候能够看房呢？
521	什么时候能够看房呢？
522	三楼挡光吗
523	明天方便看房吗
524	一起看
525	有精装修的吗
526	有房子可以看吗
527	附近能有h吗户型
528	价格能下多少
529	采光受影响吗？
530	您好，我想咨询永兴小区小区
531	满几年了
532	初中呢
533	前面有业主还价到多少
534	请问首付和贷款是多少？
535	什么学位。
536	可以去看吗
537	周围配套如何
538	现在可以看房吗
539	可以看房吗
540	价格有没有的谈
541	什么时候能够看房呢？
542	房间内家具这些房东都搬走了吗
543	这套房子可以公积金贷款吗
544	你发的事是几期？
545	哪里能搜到
546	这套房源价格还有优惠空间吗？
547	这个房子有优惠么
548	全款？
549	这房子有房产证吗？
550	首付多少
551	这套房源价格还有优惠空间吗？
552	多久满
553	西湖郡有毛坯吗
554	哦，可以异地贷款吗？
555	什么时候能够看房呢？
556	这套房源价格还有优惠空间吗？
557	房子在几期呢
558	什么时候能够看房呢？
559	嗯，到时候看看
560	有房本的吗
561	什么学校
562	能看房吗
563	这三个下午能不能看？
564	什么时候能够看房呢？
565	这套可以，可以去现场看看么？
566	想问一下能上科钟英中学的小区有哪些？
567	最低价多少
568	在哪里
569	现在最低能多少钱？
570	您好，我正在看金科双楠天都的房子
571	什么时候方便看看
572	这个大体价格能有多少啊
573	这房子是80年代的吧，还能贷款吗
574	税费下来多少?
575	这个房子进去是不是全部需要重新装修
576	那就是还有个税？
577	大概什么时候可以看房？
578	你没有把配套学位发给我
579	请问在哪个位置
580	靠近，广场这边吗？
581	这套房源价格还有优惠空间么？
582	满几年了
583	能不能看
584	啥时候能看
585	今天能看吗
586	您好，我正在看华林紫微小区的房子
587	一期还是二期
588	其他费用还有哪些？还有议价空间吗？
589	看房方便吗？
590	那是什么时候办的证？
591	最低到手(我)是多少？
592	什么时间能看呢？
593	有遮挡吗
594	在哪里
595	太阳城花园的房子怎么样的？
596	这个靠高铁或者马路吗
597	其他费用还有哪些？还有议价空间吗？
598	什么时候能够看房呢？
599	什么时候能够看房呢？
600	您好，请问这套房源首付是多少？
601	对这个房子很感兴趣。
602	这个是几号院的
603	这套房源价格还有优惠空间吗？
604	您好，请问这个房子周边有哪些学校
605	这套房子中年能看吗
606	明天可以看吗？
607	还能再低么
608	您好，请问这个房子周边有哪些学校？
609	是简单装修了吗
610	学区是哪的呀
611	读什么中学
612	买它要交多少税
613	这个房子400万能卖吗
614	嗯，谢谢，六十多万是不含家私的对吗
615	靠河边吗？
616	600万能谈下来吧
617	你好，我对这套房源感兴趣，请问什么时候能有 VR 看房啊？
618	税是怎么算？
619	这个房子可以看看么
620	您好，请问随时可以带看吗
621	可以去看看吗
622	您好，请问这个房子周边有哪些学校？
623	一期还是二期嘛？
624	你现在方便么？
625	好，能看房最好
626	那什么户型最贵呢？
627	有证吗？
628	首付要多少？
629	就是没有降价幅度？
630	周六能看嘛
631	多少钱能卖？768？
632	是第几期啊
633	能看房哈
634	房东现在底价多少
635	首付几成？
636	是不是不满两年
637	方便看不喃
638	下次来一起看了
639	你好，产证什么时候满是2年
640	两套一起看
641	这个小区40多平的房子是精装的吗
642	可以看房吗
643	能不能看成交的精装修？
644	这个可以看房吗
645	为什么没有产证呀
646	农业银行怎么样？
647	什么时候能够看房呢？
648	只有一个契税吗
649	现在看房是不是都不方便？
650	什么时候可以看房
651	底价多少
652	也不知道业主心里价位？
653	这个房子价格还有没有少呢？
654	没有房产证是不是？
655	帮我看一下楼层高一点视线好一点的嘛？
656	全税啥意思
657	契税也包含了？
658	单间配套或者套一
659	今天能看房吗
660	请问学校是哪里
661	你知道蓝田新建的那个盘吗
662	今天能看房吗
663	采光好不好？
664	房子在几号院啊？
665	您好，我想咨询利景华庭小区
666	那装修那些送家电吗？
667	房子价格还有优惠吗
668	330能谈下来吗
669	都看看 一天能看完吧
670	是商贷20年吗？?
671	您好，请问这个户型有啥优缺点
672	最底价？
673	多少税呢
674	光线好吗
675	您好，我想了解闲湖城玉屏蓝湾即将上架的4室房源报价。
676	这边的房子有产证吗
677	是这个户型的啊？
678	首付多少
679	这首付多少呢？？
680	装好了吗
681	下午可以看房吗？
682	都是精装的吗？
683	初中，不是直接对口小学吗？
684	随时可看吧
685	这房子能看么
686	这套底价多少
687	最低多少呢
688	这个房子可以看吗
689	您能告诉我在什么位置吗
690	您好，我想了解保利壹号公馆即将上架的4室房源报价。
691	明天方便看房吗
692	那这套房还多个个税吗
693	这套房今天看得到不
694	旁边配套齐全吗
695	39是初中和高中都有吗
696	是1期的啥
697	这个价格还有谈吗？
698	什么学校
699	北京实验学校中学是个啥档次
700	明天能看房子吗
701	什么时间能看
702	能看吧
703	大约多钱的稅？
704	附近有什么配套设施
705	现在有时间看一下房吗
706	您好，请问这个户型有啥优缺点
707	现在最低多少？原来报1350
708	这个房子是不是不满五 还有很多税
709	靠马路吗？
710	有时间带我看龙城花园的房子吗
711	不是说430不卖吗？
712	这套房源价格还有优惠空间么？
713	哪个位置呢
714	最低多少呢
715	有时间看看
716	嗯，那可以看吗？
717	几楼有太阳照到房间吗
718	不靠路边吧
719	等下可以看房吗
720	看房吧
721	什么时候看房
722	到时候看看吧
723	一层的什么时间能看
724	对应的上那个小学呢
725	152那个可以看看
726	可以去看吗
727	阳光充足吗？
728	确定能看哈
729	哪的
730	哦哦 浐灞这边有什么好的中学学区房呢
731	可以看看吗
732	这个首付最低多少，二套
733	这个价格包含家具家电吗
734	这个是靠里面还是靠路边的
735	什么时候可以看房?
736	您好，我正在看经八路2号小区
737	可以看房吗？
738	能一起看水映蓝庭那套吗。
739	晚上有时间的话带我们看看传媒星城的房子吧
740	包括西区的也想看一下
741	刚刚看那个房子现在可以看不
742	装修怎么样
743	看房吗？
744	您好，我想看这套房子
745	到时候看看吧
746	哪个学校学区
747	您好，我想了解宝地东花园即将上架的3室房源报价。
748	您好，我正在看耀江五月花苑的房子
749	不满二的有税~
750	这个房子满几
751	新城靠近白银路和新城地铁站还有新盘吗
752	去了就多看下
753	业主底价多少？
754	等下可以看房吗
755	价格还有优惠不
756	等等 一起能看的时候一起去
757	什么时候能够看房呢？
758	产权回购了吗？过户有大税吗？
759	这套房源价格还有优惠空间么？
760	你那两套你心里有底 业主底价多少
761	彩光怎么样呀
762	其他费用还有哪些？还有议价空间吗？
763	有没有能看的，，
764	那二手房也是可以用公积金的是吧
765	什么时候的房子，有房产证？
766	最低价位是多少，带家电家具?
767	五楼不把边对吧？
768	50中是哪个五十中
769	不能便宜吗
770	最低什么价格
771	有高贷税和最少税大概交多少呢
772	您好，请问这个房子周边有哪些学校？
773	这个房子啥时候能看
774	什么时候能够看房呢？
775	因为好像没什么人看这房
776	现在看房方便吗？
777	棁什么情况
778	什么时候能够看房呢？
779	您好，我想了解温莎杰座即将上架的4室房源报价。
780	最好能去看看房子呗
781	这个房子有产权证吗
782	价格还能谈吗？
783	最低多少？
784	光线如何
785	有高税吗
786	今天下午想去看看这个房子，能不能看
787	是哪里的？
788	对口小学初中是哪里
789	什么时候能够看房呢？
790	房子还有按揭款么
791	今天能看吗
792	配套小学中学是哪个，??占用吗
793	什么时候能够看房呢？
794	其他费用还有哪些？还有议价空间吗？
795	这个小区好久满2年
796	那个房子最低点多钱
797	最低能优惠到多少
798	他这个拆和税比较高
799	现在能看看吗
800	265是含家具家电？
801	你好 在吗 我今天不忙 可以带我看一下房子吗
802	能少价？
803	再多约几套一起看
804	您先谈我诚意
805	有没有收益金
806	你说的那套房子，明天可以看吗？
807	哪一年买的
808	可以看看
809	这套是几号院的房子？
810	现在看房方便吗？
811	满几年了
812	其他费用还有哪些？还有议价空间吗？
813	看房吗
814	装的是不是中央空调
815	这是几期的房子
816	这对口什么学校
817	首付多少
818	您好！如何上传产证信息？
819	有房产证没
820	什么时候能够看房呢？
821	您好，我想咨询中海银海一号小区的成交房源
822	我见有的都带的家具，家具也带着一起卖吗？
823	满五还有个税啊？
824	什么时候能够看房呢？
825	价格能谈吗？
826	13楼方便的话看下吧
827	您好，请问这个户型有啥优缺点
828	看房方便吗
829	这是在哪里？是住宅还是？
830	这个房子是装修好了。还是在装修呢？
831	临街吗？
832	是靠马路第一排的吗
833	能看房吗
834	什么时候能够看房呢？
835	什么时候能够看房呢？
836	这附近哪个学校最好
837	这样的房子小区还有吗
838	是房东不肯降低价格吗
839	您好，请问这个房子周边有哪些学校
840	那你约约看，明天能不能看
841	现在能看不
842	可以看房吗
843	您好，请问这个房子周边有哪些学校？
844	什么时候能够看房呢？
845	把西边么
846	什么时候可以看？
847	价格有少不！？
848	有没有个人税
849	这周降了多少?
850	满五大税？逗呢？
851	什么时候能够看房呢？
852	这个房子看房比较方便嘛？
853	您好，请问这个户型有啥优缺点
854	周末吧，这个房子的楼栋位置怎么样，前后有遮挡吗
855	688带车位吗
856	哪里？
857	我就想了解一下 按首套的话 首付几成
858	底价多少？
859	房子对口什么学校？
860	有证啊
861	您好，我正在看碧海方舟的房子
862	您好，请问这个房子周边有哪些学校？
863	帮忙谈谈这个房子
864	视野开阔吗
865	毛坯？
866	过两年了吗
867	有大税吗
868	你把这几套情况搞清
869	租客不让看房呀
870	也对口万德小学吗？
871	你就说最低多钱，可以的话可以直接定
872	有个税吗？
873	几期
874	房主 心里价位多少 能否透漏一下
875	个税不是2吗
876	价格最低多少？几楼
877	带我看下吧
878	可以看房吗
879	可以组合贷吗
880	视野如何
881	满几年？
882	这是什么户型
883	税费高吗
884	有证？
885	西里东南北的三居今天可以看房吗？
886	带我看下房子
887	我想了解一下这套房子
888	能看吗
889	这套房源价格还有优惠空间吗？
890	靠马路了
891	价格最低多少
892	嗯，到时候能看的话一起看
893	您好，请问这个房子周边有哪些学校？
894	有几套可以看？
895	付款房子有什么要求呢
896	看房方便么
897	这个是没有装修的啊
898	满几年？
899	几F
900	好的，现在能看吗？
901	您好，请问周边配套怎么样
902	还能降不
903	新里程哪套能看
904	能看下吗
905	这个确定是三期？
906	什么时候能看
907	这一套方便看房吗
908	价格能谈多少
909	这套房源价格还有优惠空间么？
910	就是看中这个户型才问你最低多少
911	那带家私的什么价位
912	价格还能商量多少
913	什么时候能够看房呢？
914	不唯一还要都是税费呀
915	什么时候能够看房呢？
916	可以看房吗？
917	110万以內可以约一下
918	嗯 什么时候可以看
919	全款能低不
920	教育中学没有吧？
921	可以谈吗？
922	有装修吗？
923	你约吧，我带我老公一起，他没有看
924	这套房源价格还有优惠空间吗？
925	价格还能谈么
926	你这边带我看一下
927	您看今天什么时候去看房合适
928	靠路吗
929	不是讲看房子吗？
930	低价多少钱，
931	目前还有没有遮挡的两居室吗
932	对了，如果我买的话，最多能让多少
933	这个房子是哪里的
934	在哪
935	是那的？
936	您好，请问这个房子周边有哪些学校
937	什么时候能够看房呢？
938	南里能340左右？
939	看房方便吗？
940	您好，请问这个房子周边有哪些学校？
941	能看吗
942	明天能看吗
943	什么时候可以看房？
944	南北通透么
945	临街吗
946	刚下证？
947	能看房吗？
948	小学跟初中是哪所
949	价格可以少吗？
950	位置好吗
951	这套房源价格还有优惠空间吗？
952	证是什么时候满两年
953	什么时候方便看呢
954	可以看吗今天
955	能上学吗？什么学校
956	底价多少
957	没下房本呢是吧
958	什么时候能够看房呢？
959	这套房源价格还有优惠空间么？
960	可以看吗
961	这个房子有税吧
962	我也不能看一次陪着去一次
963	靠马路西边的吧
964	学区是哪里
965	这房子带装修嘛？
966	有证没得
967	哪里是阳光房？
968	能看么？
969	什么时候可以看房
970	您好，请问这个房子周边有哪些学校
971	只要9个点的税?
972	临街吗
973	您好，请问这个房子周边有哪些学校？
974	保养咋样？
975	临街吗
976	我想更详细的了解这个房子
977	价格还有余地吗？
978	您好，我想咨询中铁北城时代小区
979	什么中学和小学
980	哦，可以看吗
981	A区还是B区
982	什么时候看房
983	那看放不方便
984	这个房子什么情况啊
985	还能谈😂
986	哦哦那可以谈谈价格
987	好久可以看房
988	价格可谈吗，不需要家具
989	这套房源价格还有优惠空间么？
990	这是临街，靠南门的楼吧
991	可以带看一下这个房子吗
992	方便去看看吗
993	你看一下能不能带看
994	那就税少吧
995	看房方便吗
996	这个房子商贷不了了吧
997	房子现在什么情况
998	您好，请问这个户型有啥优缺点
999	这个有大税吗
1000	这个房子在哪？
1001	明天10.30能看？
1002	最低多少钱成交
1003	您好，我想咨询云熙雅苑小区
1004	采光如何
1005	现在能看房吗，疫情稳定吗
1006	415可以看一下
1007	啥时候能看
1008	我就怕他这个临街有噪音
1009	请问周围能上什么初高中
1010	什么时候能够看房呢？
1011	是否还有降价空间？
1012	您好，我想了解万科金色家园即将上架的2室房源报价。
1013	能看房子吗？
1014	可以看房吗？
1015	价格能谈吗？
1016	最低多少钱
1017	这套今天下午能看房吗
1018	哦哦附近配套咋样？
1019	那就多看看吧
1020	可以公积金贷款吗
1021	价格可谈吗？
1022	可以，什么时候方便看看
1023	这套房源有少没？
1024	想问问这房子在什么位置？
1025	周边咋样
1026	今天下午看房 可以吗
1027	这个可以一起看看
1028	这个采光怎么样
1029	现在能看吗
1030	120双税可以接受
1031	这个小区的小学和中学是啥
1032	13楼这个有大税么
1033	初中呢？
1034	那如何交易？
1035	他带家具吗？
1036	带什么学校学位
1037	什么小区，对应学校呢
1038	这个房子是哪个学校啊
1039	您好，我正在看绿城水晶蓝湾的房子
1040	能找上看看房子吗
1041	看房方便吗？
1042	看房方便吗
1043	能给我介绍下吗
1044	您好，我想咨询爱宜苑小区
1045	方便看房吗
1046	能看吗？
1047	你好，对口什么小学？
1048	可以看房吗，
1049	中间户
1050	家电一起的吗？
1051	反正聊上了，你了解那380 的房子吗
1052	还有空间？
1053	19楼税费多少钱？
1054	看到方便吗
1055	小学是什么学校？
1056	您好，我正在看家悦花园的房子
1057	装修了吗
1058	还能谈吗
1059	可以看下嘛
1060	这个可以上哪个学校？
1061	你什么时候有空，带我看看这套房子
1062	能贷款吗
1063	是不是还能便宜呢
1064	房东低价你知道哇
1065	35平最低多少钱？
1066	价格能谈吗
1067	您好，请问这个房子周边有哪些学校？
1068	房产证还没有下吗
1069	能看房子不
1070	这房能看嘛
1071	这个房子是几期啊？是不是一期？
1072	您好，请问这个房子周边有哪些学校？
1073	可以看下吗
1074	什么时候能够看房呢？
1075	这小区如何？
1076	你好   这个房子怎么样
1077	现在可以看？
1078	可以看吗
1079	能少不
1080	现在有得看吗
1081	请问这套房有增值税吗
1082	这个是什么学区
1083	明天可以看吗？
1084	哪儿
1085	家具都打包么
1086	三期？
1087	这边房价有优惠吗？
1088	最低多少
1089	有大税吗
1090	我想看一下这套房子，方便吗？
1091	这套是边套吗
1092	您好，请问这个房子周边有哪些学校
1093	有房子看嘛
1094	中户的户型怎么样都是朝南的吗？
1095	是不是靠河边的
1096	能贷款吗？
1097	此户型介绍未满两年有增质税
1098	什么时候能够看房呢？
1099	潞苑是不是没什么好的小学？
1100	这边的客户是不是首套，公积金的多？
1101	什么时候能够看房呢？
1102	毛坯呢
1103	您好，请问这个房子周边有哪些学校？
1104	什么时候能够看房呢？
1105	这是二期的吗
1106	哪里的
1107	能看房嗎
1108	精装修呢
1109	是什么户型
1110	在哪
1111	什么时候能够看房呢？
1112	什么时候能够看房呢？
1113	中学呢
1114	这套房源价格还有优惠空间吗？
1115	你好 这边小区是什么中学
1116	那橄榄树的业主价格还能谈吗？我看到最近房价一直在掉
1117	对口啥学校
1118	您好，请问这套房子的底价是多少？
1119	可以看房吗
1120	房主价格还能谈么
1121	上小学是哪里
1122	你给我发的这个房子是精装修吧
1123	在哪里
1124	满几年？
1125	您好，我想咨询金河谷四期小区
1126	该小区的小学学位是哪个？
1127	不是边户吧
1128	什么时候能够看房呢？
1129	紫园那套最低多少
1130	带家具吗
1131	您好，请问这个房子周边有哪些学校？
1132	您好，请问这套房子的周边配套有哪些？
1133	有谈的空间吗
1134	有房产证吗
1135	没有，证件齐全吗
1136	是不是靠近小区主路
1137	这个房子能看吗
1138	这房在小区什么位置？
1139	还不能看房？
1140	可以看房吗？
1141	您好，请问这个房子周边有哪些学校
1142	这是几栋？采光怎么样？
1143	什么时候可以看房
1144	家电没有什么
1145	你好，明天方便看房吗
1146	2楼左右的单价怎么样？
1147	这个房子可以看吗？
1148	您好，我想咨询武汉科技大学宿舍小区
1149	房间内家具这些房东都搬走了吗
1150	有个税吗，这套房子签不了字啰
1151	这套房源价格还有优惠空间吗？
1152	这里初中怎么上的
1153	哦，啥时候满
1154	两个今天都能看吗？
1155	什么时候可以看
1156	你五一方便带我看房吗
1157	您好，我正在看丽湖花园的房子
1158	毛坯？
1159	什么时候能够看房呢？
1160	有位置好的吗
1161	这个可以看吗
1162	我对这套房挺感兴趣
1163	你觉得大概多少可以成交
1164	您好，请问这个房子周边有哪些学校？
1165	大概什么位置？可否发个小区地图我看看
1166	价钱聊到多少啦？看的也不少了
1167	毛坯吗
1168	请问首付和贷款是多少？
1169	第一时间去看房
1170	这套房源价格还有优惠空间么？
1171	靠前排吗
1172	能看房吗
1173	在院外面么
1174	可以贷款的吗
1175	价格还有的谈吗
1176	精装修的吗？
1177	几区的
1178	什么时候能够看房呢？
1179	480那套能看房吗？
1180	过两天去看房
1181	01户 还是02户
1182	有高税吗
1183	您好，请问这个房子周边有哪些学校？
1184	价格空间大吗
1185	这套房子有还价的余地吗
1186	能带看吗
1187	目前可以看么
1188	能去
1189	能看吗
1190	这个房子可以看吗
1191	可以看房吗？
1192	什么时候能够看房呢？
1193	这个房子对应的就是风湖里小学
1194	好久可以看哈房子
1195	鼎胜的那套870万可以拿下来吗
1196	这个房子能看吗
1197	看房都方便吗？
1198	帮忙多看几套吧
1199	有三中学区便宜的吗
1200	采光怎么样
1201	下午能看么
1202	全款的话没有个税了是吗？
1203	这套房源价格还有优惠空间吗？
1204	那个位置有遮挡吗？装修好吗？
1205	利率多少
1206	税多少
1207	帮我问问最低多少钱
1208	学区
1209	哦加上税要20万了对吗
1210	看哪个能看的
1211	在什么位置的
1212	只能看2-3套
1213	有大税吗
1214	这套啥时间满二
1215	想看看这套
1216	这个房子能看吗？
1217	房子可以看吗
1218	小李，什么时候方便能够看房呢？
1219	房子周末能看吗
1220	你告诉我大概底价
1221	这个价格能谈多少
1222	方便看么？
1223	哪里的
1224	还是两个都是毛坯？
1225	现在看房
1226	其他费用还有哪些？还有议价空间吗？
1227	什么时候能够看房呢？
1228	260的是中间户啊
1229	您好，请问这个房子周边有哪些学校
1230	能看么
1231	心里价多少
1232	能看房吗？
1233	2.7完全不能少吗
1234	想看一下房
1235	能谈到705
1236	中午可以看看
1237	新城中学的学区都有哪些小区？
1238	这是3.3期的吗
1239	首付多少
1240	其他费用还有哪些？还有议价空间吗？
1241	不过我还是有时间看看
1242	价格有没有的谈？
1243	二套购买，首付要多少？
1244	这个是几期？
1245	您好，请问这个房子周边有哪些学校？
1246	这个学区是哪个学区
1247	这个也叫装修？
1248	加完实际要是买这套房的话要多少钱，家具家电送不送？
1249	光线怎么样
1250	大概什么户型
1251	那你帮我约一哈今天晚上我们去看看那个房子嘛
1252	三期？
1253	您好，请问这套房源首付是多少？
1254	哦，清水？
1255	看中的价位谈不下来
1256	有产权吗
1257	我有想法先看一下
1258	可以看了不
1259	这个是装修好的还是什么
1260	户型怎样？
1261	中午方便看看吗？大概1-2点
1262	最低价格
1263	生活配套一应俱全的
1264	什么学位？
1265	您好，请问这个房子周边有哪些学校？
1266	这套房子有没有收益金
1267	我现在觉得这里配套一般般
1268	您好，我想咨询郡望花园南区小区
1269	有增值税吗？
1270	想看一下房源
1271	里面有税费问题吗？
1272	这个是一次付清还是可以按揭
1273	有产权证吗
1274	什么时候方便看房子？
1275	这套房源价格还有优惠空间么？
1276	房费和税费是多少？
1277	周边有生活配套的就行
1278	靠山吗？
1279	中学是什么档次啊
1280	房子方便看吗
1281	我得先看一下华盛的房子
1282	周日能看吗？
1283	这个房子买几年了？
1284	满几年。没有？
1285	能贷款吗
1286	这套房子可以看吗
1287	您好，请问这个房子周边有哪些学校？
1288	今天下午看房 可以吗
1289	这个小区周围有啥小学啊
1290	这房子税多少，是上家付吗？
1291	学校？
1292	您好，请问这个房子周边有哪些学校？
1293	您好，请问这个房子周边有哪些学校？
1294	可以看房吗
1295	什么时候能够看房呢？
1296	想看一下房
1297	电器也是？
1298	我先去看看这几个小区，着重看几套房子。
1299	当然是好的楼层好的户型要贵了，买个性价比稍微高点的。这个小区哪栋位置好，什么户型好点
1300	在什么地方？
1301	什么时候方便看房
1302	这套房源价格还有优惠空间吗？
1303	这个户型么？
1304	明天有雨，看看哪天吧，我联系你
1305	您好，请问这个户型有啥优缺点
1306	把山吗
1307	税费得多钱
1308	法拍那个是什么户型
1309	有税吗
1310	看房方便吗？
1311	刚才那个房子的税费就是买方出呗？
1312	您好，请问这个户型有啥优缺点
1313	这套房，产证有几年了
1314	您好，请问这个户型有啥优缺点
1315	就了解了中房和利海
1316	这套房子现在能看么
1317	我一直在看房子
1318	靠马路吗？这么便宜？？感觉比其他的都便宜
1319	有300能下来的嘛？
1320	什么时候能够看房呢？
1321	什么时候能够看房呢？
1322	这周六周日看房方便吗
1323	菁蓉不是小学吗
1324	顶楼是什么户型？
1325	这价格还能谈么？
1326	其他费用还有哪些？还有议价空间吗？
1327	大概还有多久满二呀
1328	什么时候能够看房呢？
1329	请问首付和贷款是多少？
1330	您好，我想咨询#亚太新城富华苑#小区
1331	这个学校招生是大学区制吗？
1332	您好，请问这个户型有啥优缺点
1333	周边设施咋样
1334	6楼这套别人谈过，这样再谈会不好吧
1335	这个是在哪啊？
1336	滨湖世纪城是什么户型？
1337	收首付大概多少钱
1338	您好，请问这个房子周边有哪些学校？
1339	有可能低于2000吗？
1340	装修+家具+家电有30万够吗？
1341	现在这个房子可以看不
1342	您好，我想了解驿都城即将上架的3室房源报价。
1343	那个楼在小区的什么位置
1344	什么时候能看
1345	能看房嘛
1346	你好你好，现在方便嘛
1347	什么时候能够看房呢？
1348	五户的西边南北通透吗
1349	这个450左右能不能谈下来
1350	可以看一下房吗
1351	我想来看一下
1352	92万那套还能少吗
1353	周边的中小学情况？
1354	什么学校
1355	小尹，你现在有时间带我线上看一下房吗
1356	家具都不带走多少钱
1357	小学是哪个
1358	啥时候满两年?
1359	这个看房方便吗？
1360	明天可以去看房吗
1361	这两套底价下探多少
1362	什么时候方便看房
1363	哦！现在能去看嘛
1364	带家具家电吗？
1365	周末可以看看吗？
1366	您好，请问随时可以带看吗
1367	现在能去小区看房了？
1368	我想看看
1369	您好，今天可以看房吗
1370	您好，我想咨询荧鸿城小区
1371	产证呢？有税吗？
1372	到时候看看
1373	带我看看这两套撒
1374	什么时候能够看房呢？
1375	有房本么？能不能贷款
1376	这种户型是南北通吗
1377	晒得到阳光么
1378	这是靠哪边的
1379	挡光吗？
1380	靠路吗？
1381	什么时候能够看房呢？
1382	您好，请问这套房源首付是多少？
1383	明天看房可以不？
1384	这个首付月供多少？
1385	请问该小区读哪个小学和初中呢
1386	这个小区周边有没啥配套
1387	楼前面有没有高楼挡着呀
1388	简装？
1389	其他费用还有哪些？还有议价空间吗？
1390	行。那可以看看
1391	一共几期
1392	初中是什么学校呀
1393	方便看房吗？
1394	首付六月底吧
1395	西岗区啊
1396	这个房子价格能谈那
1397	这里小学读哪里
1398	看看哪个合适，哪天抽空去看一下
1399	现在能看房吗？
1400	本来我都想看房子再留给你的
1401	我看看时间吧
1402	这套房子能贷款多少
1403	龙博这个能到130吗
1404	现在可以看看吗
1405	能看房吗
1406	带家具吗
1407	这个对口什么小学
1408	这个学区是哪里
1409	您好，请问这个房子周边有哪些学校
1410	初中呢？
1411	地段在哪里
1412	看房方便吗
1413	首付需要多少
1414	什么时候能够看房呢？
1415	就是普通居家装修？
1416	在颐和家园哪个园
1417	有高税吗
1418	这套房源价格还有优惠空间么？
1419	今天看不了房子了
1420	可以读环西小学？
1421	什么时候能够看房呢？
1422	这房是中户还边户
1423	我想看下房子
1424	好那我们明天可以看看去吗？
1425	税费呢
1426	看房方便吗
1427	税5%？
1428	这套房满几年了啊
1429	五一可以看房吗
1430	你帮介绍好的房源呀
1431	土地性质是出让的吧，有产证的吧
1432	1栋是靠外面的路还是靠里面的路，我忘记了
1433	毛坯吗
1434	家电齐全吗？
1435	一次性也不同意？
1436	您好(✪▽✪)这个可以看房子吗
1437	商鼎的房子就只能读科华中路小学吗
1438	这个西北向临街吗
1439	有几套能看的呢？
1440	您好，我想咨询红墙国际小区
1441	我想抽时间多看一下
1442	请问首付和贷款是多少？
1443	您好 房子能看吗
1444	房子在哪？现在能看么
1445	Hi，您好，我正在看保利心语花园小区已成交的二手房：保利心语花园 2室2厅 86.51平米
1446	中午的话这两套可以看吗？
1447	要一次性付款吗？
1448	您好，请问这套房源首付是多少？
1449	这套满几年的？
1450	这套房源价格还有优惠空间么？
1451	能看吗
1452	然后这个房子税是不是很高？
1453	能看吗？
1454	你说那套临街吗
1455	几期
1456	过两年了吗
1457	这套房子最低能多少？
1458	这套房子最低多少钱
1459	是什么情况没有成交？
1460	几区呢
1461	2号楼就十字路口那个四楼毛胚吧？
1462	房主包大税吗
1463	您好，我正在看铂金时代的房子
1464	这个房子有增值税吗
1465	房东自己装修？
1466	什么地方的
1467	这个是东区还是西区的啊
1468	总得税费多少的？忘记问了
1469	哪里的
1470	那边地段咋样？
1471	能聊下40万嘛
1472	价位还能谈不？
1473	您好，请问这个房子周边有哪些学校？
1474	在哪
1475	天洋城暗厅南向两居室能卖多少钱
1476	请问首付和贷款是多少？
1477	带我看下
1478	你好，我想看房
1479	385万的今晚能看吗
1480	这个是满三年了？
1481	您好，我想咨询#越秀可逸豪苑#小区
1482	什么时候能够看房呢？
1483	请问首付和贷款是多少？
1484	可以预约看房吗？
1485	在吗能看吗
1486	有税吗
1487	570万这个房子手套首付多少钱
1488	请问这套房子价格还能再降多少？
1489	装修好了吗
1490	其他费用还有哪些？还有议价空间吗？
1491	您好，我想了解上地东里即将上架的1室房源报价。
1492	价格可能谈
1493	您好，请问这个房子周边有哪些学校？
1494	价格还能再低些吗
1495	我可以过去看看嘛
1496	位置大概在哪儿呢
1497	价格它还有余地吗
1498	之前问一直不说啥时候满?
1499	初中呢？
1500	楼层价格差距怎么着也得五万起步吧
1501	想了解一下房子
1502	房东拿这个房子抵押贷款了？
1503	实际装修也是这样？
1504	请问这个房子挡光吗？
1505	可以看看
1506	房主不再济南吗
1507	这个是虹桥一小吗
1508	这个首付加上税费多少？
1509	片内小学、初中是哪所
1510	这房子可以看吗
1511	临街吗
1512	那这个是三期的？
1513	没有接听么
1514	看房方便吗
1515	装修的怎么样
1516	读哪所小学
1517	不知道西区11楼可以谈多少下来
1518	您好，我正在看禾粤尚德居的房子
1519	这套是跟视频一样里面没东西的对吧
1520	可以看吗
1521	多少空间
1522	这房子首付多少钱？
1523	方便看房吗
1524	可以看一下嘛
1525	采光怎么样
1526	现在能看么0
1527	上次交易哪年？
1528	这套房子方便看么
1529	这个价格有少没得
1530	有低价吗？
1531	房子能看吗
1532	有大税么
1533	初中是哪
1534	采光可以吗
1535	那个134万的能看吗？
1536	八十三万首付得到好多钱
1537	还能谈多少？
1538	什么时候能够看房呢？
1539	房子可以看吗
1540	满几年了
1541	是对哪里的哟
1542	这个小区有产权证吗
1543	好的，我想再了解一下，你卖的这套是哪一栋的？
1544	这套也可以一起看下不
1545	明天看房方便吗
1546	行，哪天我抽空去看看
1547	这套房源价格还有优惠空间么？
1548	这个能看吗
1549	那能看吗？
1550	这房贷款首付需付多少
1551	我这周找时间去看看
1552	63包干可能吗
1553	你那边还有了解到金域华府套2的有房源吗
1554	我想看一下房子
1555	我想看下这套
1556	这是几期
1557	这套房源价格还有优惠空间吗？
1558	这个是底价了？
1559	价格还有的谈吗
1560	这个房子可以贷款吗
1561	400万能卖吗
1562	位置在哪
1563	您好，请问这个房子周边有哪些学校？
1564	价格什么还有优惠吗
1565	是精装房么
1566	你好我想先问一下公积金缴纳多长时间可以贷款啊
1567	业主最低啥价位可以出啊
1568	这个房子你觉得单价最低能多钱卖?税费大概多少？
1569	付款方式需要好么
1570	50w能下来嘛
1571	怎么付款税最低
1572	看啥房子
1573	南北标准户型吗
1574	我想去看下这套房子
1575	价格还能谈吗
1576	有房产证吗
1577	明天看看房子吧
1578	没有满五年，税贵吗
1579	目前位置吗
1580	侨力大厦这个房子什么时候可以看房？
1581	能看房子吗？
1582	可以看看房子吗？
1583	你好，请问这套房子有没有增税
1584	一楼采光会不会有问题
1585	这个今天可以看吗
1586	到时候过去看房直接可以看现房是吧
1587	这个能看吗
1588	初中
1589	3楼和7楼同一个户型？
1590	挡光吗
1591	这套最低多少钱
1592	这套看房方便嘛
1593	这个价钱包括家电的嘛
1594	附近商业配套咧
1595	这个是几期
1596	这是江东帝景一期还是二期
1597	商贷呢？
1598	有不靠路的吗
1599	这个一个小时后能不能看
1600	最近这个价格能过关吗
1601	这个房子底价多少呀
1602	您好，请问这个户型有啥优缺点
1603	税费怎么算
1604	复地便宜的原因是因为地点配套对吧
1605	什么时候能够看房呢？
1606	150有证吗
1607	全明吗？
1608	所以问你这个是几期的
1609	明天这套可以看吗
1610	您好，请问周边配套怎么样
1611	我想去实地看看那个房子
1612	这套房源价格还有优惠空间么？
1613	这个房子看房方便吗
1614	首付多少？十税十中费
1615	能看房吗？
1616	你好你好，现在方便嘛
1617	这套房子如果公积金贷款下来多少钱啊
1618	星期一有时间来看房
1619	有时间这两都看看去
1620	您好，我正在看金海花园的房子
1621	什么时候能够看房呢？
1622	在什么位置啊
1623	看房方便吗
1624	你好 这个有差额税？税是多少
1625	金地国际花园有B1座吗？
1626	什么时候能看房
1627	这个在哪里呢。
1628	他低价多少啊
1629	看房方便吗
1630	价格有多少浮动
1631	能看房吗
1632	这栋是哪里的学校的
1633	什么时候能够看房呢？
1634	83价格能卖
1635	您好，请问这个房子周边有哪些学校？
1636	国展六楼的最低多少钱能卖
1637	明天可以看房吗
1638	精装房是一次性付清吗
1639	在哪里
1640	契税多少钱啊
1641	这个房子朝马路否?
1642	是几期的哈
1643	几期的
1644	这套房源价格还有优惠空间么？
1645	现在什么价可以卖
1646	您好，请问这个房子周边有哪些学校？
1647	几期的呢？
1648	可以看不呢
1649	能看看吗
1650	这个税点多少
1651	您好，下午方便看一下玉海园的房子吗？玉泉小学附近
1652	现在 方便看吗
1653	这个房子能不能带我们去看一下
1654	宝山什么位置？
1655	方便看么？
1656	这个红点的位置吗？
1657	有证吗？
1658	尚河居在哪
1659	常兴家园的几套房子周六方便看吗
1660	现在房主能降多少
1661	价格有的谈吗
1662	是清水还是装修的
1663	香槟花园一期的吗
1664	你觉得能谈到多少
1665	能看吗
1666	周边配套设施怎么样
1667	边户还是中间户
1668	您好，请问这个户型有啥优缺点
1669	这房子有房产证没
1670	没窗户，怎么采光？
1671	价格没包含？
1672	能看那么多吗
1673	三百多平米的是什么户型
1674	契税多少
1675	这房子明天上午可以看不
1676	房子有大税么
1677	还可以讲价 😜
1678	业主心里价格多少钱卖啊？
1679	怎么看可以贷满84万啊？
1680	家具家电一起打包的噻？
1681	户型
1682	5楼可以，能分期吗
1683	能看房吗
1684	所以问一下底价
1685	这个价格还有可能商量吗？
1686	什么时候能够看房呢？
1687	什么时候能够看房呢？
1688	您好，我想咨询太平洋小区小区
1689	首付不是三成吗
1690	你好这房子在哪儿
1691	有多少优惠，毕竟房子不是你们带我看的
1692	几楼的采光咋样
1693	其他费用还有哪些？还有议价空间吗？
1694	可以看房吗
1695	产权证在手么？
1696	价格方面你不是很清楚有多少余地是吧
1697	明天可以看吗
1698	这个不是装修完的吗
1699	哦，房价还有议价空间不，房东急售吗
1700	您好，请问这个房子周边有哪些学校
1701	有高税吗
1702	这套房子什么时候可以看
1703	想看一下房子
1704	这套房源价格还有优惠空间吗？
1705	什么时候方便看房
1706	2号楼有高税吧
1707	2楼那套在北区还是南区
1708	这套房源价格还有优惠空间吗？
1709	这小区还有毛坯？
1710	是随时方便看房吗
1711	都是啥税？
1712	可以贷款吗？
1713	首付多少
1714	哦。今天可以看下吗？
1715	中学呢？
1716	这套房子是一个房本吗
1717	这套房源价格还有优惠空间吗？
1718	这套税多少？
1719	有什么房源可以看
1720	个人所得税是多少？
1721	哪里的
1722	税费多少？
1723	这套房源价格还有优惠空间吗？
1724	靠路还带大平台，上下不方便
1725	学校在哪
1726	房子能看不
1727	临马路吗
1728	这套房怎么样
1729	可以按揭嘛
1730	这个房子最低多少钱啊？
1731	有证么？
1732	g06价格方面业主有的谈吗
1733	五金2500一下，性价比高一点当然最好。主要是配套幼儿园，有小孩子
1734	等等看有没有能降价的吧
1735	您好，请问这个户型有啥优缺点
1736	这个房子怎么付款的
1737	您好，请问这个房子周边有哪些学校？
1738	这套房子能讲多少钱
1739	您好，我正在看保利林语小区的成交信息
1740	什么时候能够看房呢？
1741	客户承担了多少税费啊
1742	晚上看不到采光吧
1743	双税吗？
1744	临街吗？
1745	盘龙小学？
1746	什么时候能够看房呢？
1747	有增值税吗
1748	这个房子在小区什么位置能给在图标下不
1749	双流哪里
1750	能看吗
1751	能谈多少
1752	明天能看房吗
1753	什么时候能够看房呢？
1754	可以看么
1755	明天看房子
1756	有房产证吗
1757	带家具吗
1758	价钱能谈到300万吗，一次性付款
1759	贷款能贷多少呢？
1760	多这一平米，多交多少税？
1761	258万还能讲价的么
1762	您好，我正在看立信广场的房子
1763	您好，请问这个房子周边有哪些学校？
1764	明天看房方便吗
1765	尽量多看几套
1766	贷满是多少？
1767	有毛坯吗
1768	带永久宝安中学的吗
1769	什么时候能够看房呢？
1770	我想明天周末了，你约客户看房的时候推荐一下我家这套吧
1771	你好，请问这个是哪的房子？
1772	哪里
1773	还有哪个可以看的
1774	税比较高吧
1775	是一期的吗
1776	能看看这房子不
1777	中间位置吗
1778	毛坯都8000？
1779	这是精装房？
1780	什么时候能够看房呢？
1781	这个学区是安三小把
1782	什么时候都可以看吗？
1783	请问首付和贷款是多少？
1784	D是靠那个小学还是靠路这边
1785	请问这房满二满三了吗？这是靠渭滨大道的那一侧吧？
1786	这个房子好不，什么时候可以看
1787	这个房子什么时候可以看呀
1788	在哪有啥配套
1789	还有多久满两年呢
1790	房东要出什么价，能看看吗
1791	您好，我正在看中达广场的房子
1792	到时我过来一起看
1793	什么时候能够看房呢？
1794	啥时候可看房？
1795	价格有多少空间谈 有没有人谈过了？
1796	对应中学是哪个中学校？
1797	这套房还价空间有多少
1798	可以按揭不
1799	可以看吗
1800	您好，我正在看招商公园四期璟园的房子
1801	主要是价钱看看能不能商量
1802	几年后没大税呀？
1803	小学和初中都是学区吗？
1804	房子在哪
1805	全款嘛
1806	几期可以说吗？
1807	今天可以看吗？
1808	适合我养猪是吗
1809	您好，请问这个房子周边有哪些学校？
1810	什么时候能看
1811	有时间吧，去看看
1812	底价多少
1813	这套可以便宜不？
1814	这套房源价格还有优惠空间吗？
1815	房子里面带几本家电吗？
1816	这房子采光好吗
1817	您好，我想了解南国花园即将上架的3室房源报价。
1818	请问这个小区读什么小学初中呢
1819	这个房子可以贷款吗
1820	80万可以谈下来不
1821	您好，请问这个房子周边有哪些学校？
1822	几期这个
1823	这个房子能看么
1824	这精装？
1825	这套房子有那些税费
1826	那个税能解决吗
1827	什么时候能够看房呢？
1828	还是63万，看中面谈能在让5000
1829	学校情况
1830	房价钱能优惠好多
1831	您好，请问这个房子周边有哪些学校？
1832	这套房源价格还有优惠空间吗？
1833	周边环境如何
1834	还能便宜吗
1835	可以早点不
1836	什么时候能够看房呢？
1837	这套今天下午能看房吗
1838	有没有税
1839	哪一个小区？
1840	法华南里的也可以看是吧
1841	这个呢啥情况看看
1842	现在可以去看不
1843	不是三期吗
1844	没有业主也可以看房吧
1845	阁楼什么房型
1846	看房方便吗
1847	采光怎么样，
1848	多久满两年呢
1849	成都七中附属小学哪些小区能读呢
1850	这个是在哪啊？
1851	这个最低多少
1852	接受多少贷款
1853	可以看房吗
1854	外面树木遮挡的多不呢
1855	毛坯房那个是不是
1856	其他费用还有哪些？还有议价空间吗？
1857	这个价格商量多吗
1858	不是龙城中学吗？
1859	这套什么时候可以看？
1860	348能看吗？
1861	看房方便吗
1862	麻烦带我看一看
1863	你这边有没有优惠？
1864	能谈多少
1865	我们应该可以纯公积金贷款
1866	底价多少？
1867	什么户型，
1868	房子可以看的
1869	家具都带吗？
1870	您好，我想咨询万科云城小区
1871	这个怎么样
1872	这个首付一般会多少钱
1873	98万最少多少！小区周边环境怎么样
1874	位置怎样
1875	可以看房嘛
1876	能谈多少呢
1877	大概空间有多少
1878	您好，我想了解城中央即将上架的1室房源报价。
1879	具体看三秀这俩哪个好点
1880	您好，我想咨询#杨庄中区#小区
1881	方便的话多看几套
1882	有产权证吗？
1883	全款没个税了吧？
1884	能看房吗
1885	这是老的南环？
1886	付款要按什么比例
1887	这房子支持公积金贷款吗？
1888	我说的顶楼那个能看吗
1889	这个房子还有增值税吗
1890	您好，我想咨询东基童梦天下小区
1891	其他费用还有哪些？还有议价空间吗？
1892	中学呢
1893	这套房东低价多少
1894	你们卖的价格包含家具家电吗
1895	这个是舜耕路几号院？
1896	我想看下房子
1897	好的有房子可以看嘛
1898	你去帮我问问业主的价格
1899	现在方便吗？
1900	能贷款么
1901	帮我介绍一下现在成都的房价
1902	能看房吗
1903	能看房吗？
1904	有还价的空间吗
1905	这个可谈空间还大吗
1906	装修用的材料怎么样
1907	周边有什么配套
1908	这是什么户型
1909	这个小区，怎么样了
1910	精装吗？
1911	这个房子过两年了吗
1912	可以带我看看房子吗
1913	您好，我正在看阳光城平江悦的房子
1914	现在看不了
1915	一般税费怎么算的
1916	他最低多少卖
1917	是独立房产证吗？
1918	今天有空看房
1919	118这价是包含家具家电是吧
1920	户型怎么样
1921	我想了解一下你们那边房子
1922	这套房临街把边吗
1923	还有多久满呢
1924	价格能降到多少
1925	什么时候方便看房
1926	哪个小区靠马路吗？
1927	还有什么时候可以看
1928	以您的经验大概还能谈多少
1929	有税吗
1930	谈成380的话，也有13万多的税。
1931	顺便一起看
1932	有类似产证照片吗？
1933	带家具不？
1934	你这套确定没有挡住吗
1935	现在看房
1936	这套房源价格还有优惠空间吗？
1937	是毛坯房吗
1938	价格有空间吗
1939	主要看房子
1940	贷款怎么弄
1941	现在可以看吗？
1942	那采光有影响吗
1943	什么时候能够看房呢？
1944	是二手的装修房吗
1945	有房证么
1946	一期吗
1947	百三两房单价最高一平是多少？最低7.3?
1948	大概什么时候可以看房？
1949	房子在小区哪个位置
1950	您好，请问这个房子周边有哪些学校？
1951	2楼，遮挡情况怎么样呀？
1952	什么时候能够看房呢？
1953	什么时候能够看房呢？
1954	这房子有大税么
1955	首付怎么算
1956	这套什么情况
1957	您好，请问这个户型有啥优缺点
1958	什么时候能看房
1959	可以介绍一下大慨情况
1960	可以看房吗
1961	保利的是在路边吧？
1962	有证吗
1963	学区是哪
1964	他买几年了
1965	靠马路是吗？
1966	什么时候能够看房呢？
1967	您好，请问这个户型有啥优缺点
1968	有房证吗
1969	小区附近有公园？
1970	配套的教学资源是什么
1971	贷款可以么
1972	能看房吗？
1973	可以介绍下吗
1974	初中是哪里
1975	有证吗
1976	什么时候能够看房呢？
1977	现在能看房么
1978	低楼层采光不能有影响
1979	那这套能便宜点吗
1980	周末方便看下吗
1981	增值税多少
1982	啥时候能看呢
1983	你把那些你能看的靠谱的弄一起看
1984	嗯 现在方便么
1985	这套房源价格还有优惠空间么？
1986	可以公积金贷款吗
1987	这个价格有没有家电
1988	国展六楼的最低多少钱能卖
1989	啥时候满二
1990	房价做低点的话增值税大概能低个多少
1991	可以看房了联系你
1992	其他费用还有哪些？还有议价空间吗？
1993	这房子是低区？采光有影响吗
1994	武清有好的初高中吗
1995	你先告诉我一期还是二期
1996	这个房子是靠近湖还是马路
1997	房产证有吗
1998	满二满三
1999	这个房子学位是哪里？
2000	价格好谈么
2001	小学呢
2002	全套吗
2003	请问首付和贷款是多少？
2004	这个能去看房吗
2005	可以带我看看嘛？
2006	9万多的税是什么？
2007	能看吗？
2008	周边配套怎么样？
2009	带我看下吧
2010	看房方便？
2011	这套房源价格还有优惠空间么？
2012	小学读哪个呢
2013	价格还能再低些吗
2014	我在链家网看到有套中意小区一楼的，那套能一起看吗
2015	随时能看？
2016	上一中？
2017	什么时候能够看房呢？
2018	价钱还能少吗
2019	能不能约起来看一下
2020	这套房源价格还有优惠空间么？
2021	什么时候能够看房呢？
2022	可以用公积金吗
2023	商贷300万，二套，每月还款多少？
2024	您好，我正在看中惠广场的房子
2025	您好，我想咨询塘朗城小区
2026	这个底价多少？
2027	我现在有空，想看两套房子
2028	装修的？
2029	您好，我正在看东怡新区东雅园的房子
2030	这套装修怎样？
2031	能谈到之前那个价吗？
2032	是不是采光特差
2033	满几年
2034	您好，请问这个房子周边有哪些学校？
2035	我个人贷可以？
2036	我发你这套是什么情况
2037	请问首付和贷款是多少？
2038	请问，今天可以看房吗
2039	这个有按揭吗
2040	离奥森近么
2041	方便看房子么
2042	您好，请问周边配套怎么样
2043	最低多少能卖
2044	这套房源价格还有优惠空间吗？
2045	上来看看有带看吗
2046	介绍一下这个房子
2047	84栋？在电线那边？
2048	这套房源价格还有优惠空间么？
2049	什么时候能够看房呢？
2050	这个房子能不能贷款，有没有房本
2051	你好 麻烦帮我介绍一下这个房子
2052	您好，请问这个房子周边有哪些学校
2053	什么时候都可以看吗？
2054	有房产证吗
2055	价格还可以谈吗？
2056	这个可以公积金贷款吗
2057	这个还能少多少啊
2058	有增值税吗
2059	什么时候能够看房呢？
2060	有房本嘛？是市政嘛？
2061	这个房子带不带自行车库呢
2062	就是还没满二呗？几月份？
2063	这小区不是临街嘛
2064	最低什么价
2065	有税吗
2066	清水么 还是带装修的喃
2067	您好，我正在看华润橡树湾一期的房子
2068	旁边配套能不能介绍下
2069	能谈到多少钱
2070	贷款嘛
2071	这个房子什么情况的能看么
2072	该房楼层?谢谢。采光如何
2073	这个房子位置在哪里？
2074	装修了嘛
2075	什么学区
2076	您好，请问这个户型有啥优缺点
2077	我想去看看
2078	满几年
2079	能看么？
2080	看房方便吗
2081	您好，我想了解朗御即将上架的3室房源报价。
2082	您好，我想咨询恒大国香山小区
2083	你什么时候有空带我看看你和我说的那几套房子呢？
2084	看房方便吗
2085	今天可以看吗
2086	您好，请问这个房子周边有哪些学校？
2087	税费大概多少
2088	装修咋样啊
2089	都是毛胚吗
2090	你能谈到的最低价？
2091	靠路边吗
2092	其他费用还有哪些？还有议价空间吗？
2093	您好，请问这套房源首付是多少？
2094	这个房子是怎么个情况？怎么看上去这么怪异
2095	茹佳，这套房子估计多少钱能卖？
2096	陈磊，这套低价多少？我同事最近在看房
2097	什么时候能够看房呢？
2098	这套房子，能一起看吗？
2099	买家首付了多少万
2100	房贷达嘎不
2101	可以看房了联系你
2102	贷款达嘎嘛？
2103	房子在哪里？
2104	现在看房可以吗？
2105	这套能谈什么价格
2106	什么时候能够看房呢？
2107	您好，请问这个户型有啥优缺点
2108	今天那些可以看
2109	底价多少
2110	价格还可以谈不
2111	现在能看这套房子吗
2112	这个明天能看么
2113	C区能看房了不？
2114	现在房价便宜了，这个现在35万能拿下吗？
2115	主路吗？
2116	有个123平方的 什么户型
2117	什么时候能够看房呢？
2118	那周边配套呢
2119	您好，请问这个户型有啥优缺点
2120	车位有房产证吗
2121	什么时候能看
2122	什么装修？
2123	这套房源价格还有优惠空间么？
2124	毛坯么
2125	还是可以用公积金贷款？
2126	我在小区附近，有没有能看的？
2127	毛坯带车位吗？
2128	您好，请问这个房子周边有哪些学校
2129	您好，我正在看徽王府的房子
2130	我想看房
2131	首付多少
2132	这套价格最低好多
2133	什么时候能看
2134	可以看不
2135	明天下午去看房吧？
2136	能看房吗
2137	过两年税是多少
2138	这个房子是东边户，还是西边
2139	看房方便吗
2140	这个房子什么时候可以看呀？
2141	初中
2142	这个房子送家具家电吗？
2143	这个家具家电是不是到时候他弄走？
2144	这套房源价格还有优惠空间么？
2145	您好，请问这套房源首付是多少？
2146	能看房吗
2147	什么时候方便看房
2148	什么时候能够看房呢？
2149	带我看看第二个嘛
2150	请问今天可以看房吗
2151	这是哪个小学
2152	您好，请问这个房子周边有哪些学校
2153	这套房源价格还有优惠空间么？
2154	刚装修过就买吗
2155	这套问一下现在能看不
2156	有托儿所和小学吗
2157	能聊多少？
2158	有家具吗
2159	价格还能谈吗
2160	之前怎么样？
2161	这个是几期
2162	海尔路的房子现在怎样
2163	房子再降一下23万不包税
2164	能不能带我看一下房子
2165	那能看房吗
2166	其他费用还有哪些？还有议价空间吗？
2167	我想了解一下锦江的房子
2168	配套不行
2169	您好，请问这个房子周边有哪些学校？
2170	最低多少钱成交
2171	满几了？
2172	感觉应该对我家房子感兴趣啊
2173	这房价位还可以谈吗？
2174	这是住宅吗，有房产证吗
2175	好那我们明天可以看看去吗？
2176	但是钟英的小学是火小？
2177	这个楼是不是最后一排啊
2178	这是个几房哟，读书读哪里
2179	房子满几年了
2180	没满的话交多少税
2181	有证吗
2182	南区还是北区
2183	这房最低多少钱
2184	东边还是西边
2185	税费多少
2186	价格降低没？
2187	什么时候能够看房呢？
2188	今天什么时候可以看？
2189	价格还可谈吗？
2190	中学呢
2191	哪里的
2192	什么时候能够看房呢？
2193	这个也是中海的精装吗 还是个人装修的啊？
2194	有证吗
2195	明天上午能看看这套房子吗
2196	什么时候能够看房呢？
2197	这个价格还能谈吗
2198	最低多少
2199	什么时候能够看房呢？
2200	哪里啊
2201	探下低价
2202	你什么时候有空我要看房子
2203	这房子价格还能降多少
2204	增值税是什么
2205	价格还有空间吗
2206	还能便宜不
2207	今天方便看房吗
2208	帅哥  明天能看房吗
2209	930这套位置怎么样？
2210	这个小区的划分学区是什么学校
2211	这边的配套怎样
2212	可以谈多少
2213	买卖时税费高？
2214	还有空间吗
2215	小学是雷锋？
2216	带我看看
2217	这个房子能看不
2218	这个小区配套怎么样
2219	可以实地看房吗
2220	税费多少
2221	这套房子首付款大概是多少
2222	您好，我想了解风临四季即将上架的4室房源报价。
2223	哦哦，楼也是靠连山街，是吧？
2224	6楼的有装修吗
2225	贷款好多  税费多少  月供呢
2226	最近看房的需求多吗
2227	他们分别带哪个学位啊？
2228	这个房子配套的中小学是哪里呀？
2229	对了，有什么配套
2230	这个有房产证吗
2231	采光如何
2232	顶楼那个最低可以多少钱
2233	有什么税呢
2234	不是降了一万吗
2235	有高税？
2236	几区？
2237	这个房子可以贷款吗
2238	您好，我正在看沙头角的房子
2239	还有满几年了
2240	这套什么情况？可以介绍下吗
2241	有采光吗
2242	他这个看江景的话还是有遮挡
2243	这个周期 能给多少
2244	中华新村单开间看房方便么？
2245	这个房子首付多少
2246	首付多少
2247	周围都有什么设施
2248	现场可以看房吗
2249	可以公积金贷款吗？
2250	这个装修好像是中介装的吧？
2251	满几年了
2252	能看不
2253	房东的心理底价大概多少?
2254	好的 我看看这周是否来看房 价格空间多少
2255	意思是我们33号现在买房都要全款了呀？ 那不是不好出手了
2256	？？人民公园的？
2257	万科几期房
2258	可以优惠多少
2259	能实地看房？
2260	请问首付和贷款是多少？
2261	那个6楼有降价的可能了吗
2262	现在怎么可能降这么多
2263	几期
2264	明天可以看吗
2265	这套现在价格是最低了？
2266	配套怎样
2267	 B区的还是c区的？
2268	这个楼盘附近有什么设施？
2269	您好，我正在看平安山庄的房子
2270	这套房源价格还有优惠空间么？
2271	这个有房本吗
2272	觉得配套和学区都很好，就是离我上班远了点
2273	这是德兴小学？
2274	中学呢
2275	薄经理，您发给我的这套是钥匙房源，明天可以一块儿看么？
2276	什么时候能看
2277	请问这一套在哪一栋呢
2278	您好，我正在看领创天誉华庭的房子
2279	这套纠纷的房子能不能约房东谈谈
2280	请问首付和贷款是多少？
2281	我想了解下融侨城这个房贷款情况
2282	价位还能低多少
2283	价格可再谈吗
2284	有高税吗
2285	有高税么
2286	那么公积金呢
2287	其他费用还有哪些？还有议价空间吗？
2288	本下来了吗
2289	价格空间不知道有多少
2290	这套什么时候满两年
2291	第一套看一下
2292	不满税要交多少？
2293	这个目前最低多少钱
2294	产权证情况呢
2295	什么时候能够看房呢？
2296	户型
2297	您好，我想了解龙悦居四期即将上架的2室房源报价。
2298	不是分为a,b区的吗
2299	有多大的议价空间呢？
2300	您好，请问这套房子的底价是多少？
2301	周围的绿化情况怎么样？
2302	其他费用还有哪些？还有议价空间吗？
2303	深中？
2304	您好，请问这个房子周边有哪些学校？
2305	把山临街吗
2306	这个可以去看？
2307	不过了解到一些就没有房产证
2308	请问首付和贷款是多少？
2309	是毛坯还是带装修的
2310	什么时候能够看房呢？
2311	这套房源价格还有优惠空间么？
2312	你就不能先给我看看户型吗
2313	您好，请问对这套房感兴趣？
2314	方便看房吗？
2315	但他配套比这边好
2316	家具什么的都带着吗
2317	这个可以看房吗
2318	明天可以看房吗
2319	小学是六个年级？
2320	可以看房吗
2321	这套房子能看房吗
2322	最少多少钱
2323	这个初中怎么样
2324	首付得多少
2325	有时间联系你看房
2326	几期几层的？
2327	那能看吗
2328	又临街
2329	您好，我正在看拓基城市广场的房子
2330	这个小区是对口晋元吗？
2331	什么时候能够看房呢？
2332	可以贷款么了
2333	有税吗？
2334	五一可以看房吗
2335	什么时候能看房
2336	这套房源价格还有优惠空间么？
2337	您好，我想了解恒基国际即将上架的1室房源报价。
2338	这套房子什么情况你了解吗
2339	有多少空间
2340	靠马路？
2341	其他费用还有哪些？还有议价空间吗？
2342	两年得交多少税
2343	临街临路吗
2344	还有一套，3楼的，业主能便宜吗？
2345	装修如何
2346	采光怎么样
2347	价格还能少吗
2348	这套房源价格还有优惠空间么？
2349	您好，我正在看合正上东国际的房子
2350	大概能降多少
2351	在哪个位置
2352	周围有学校吗
2353	您好，请问这个房子的首付、税费和贷款是怎样的？
2354	什么学校
2355	读什么啊
2356	小陈最近有房子可以看吗
2357	你不是知道底价吗？
2358	这边学区读哪里
2359	大约能降多少
2360	是有房产证的还是10月教房的
2361	什么时候能够看房呢？
2362	这房子临街吗
2363	有降价空间么
2364	现在看房
2365	你们有信心可以把价钱谈到130以下
2366	请问现在方便看房吗
2367	您好，请问这个户型有啥优缺点
2368	中午左右。看看采光咋样
2369	现在可以从线上看房嘛
2370	我这个房子是南北通透的，为什么朝向写的南？
2371	210的 晚上能不能看房
2372	还要多久满二
2373	全款还有税么
2374	这个房子在哪里
2375	配套都有什么
2376	能看吗
2377	房子哪边的呀
2378	在哪个位置
2379	有证吗
2380	房子有个税吗
2381	附近有公园吗
2382	首付可以分期吗？
2383	您好，请问这个房子周边有哪些学校
2384	可以看房吗？
2385	这个方便看吗？
2386	价格还能谈么
2387	现在为什么只能公积金贷款呀
2388	装修如何？
2389	看了那么多我早忘记那套房子是什么户型了
2390	朝别墅区吗
2391	这房子可以看一下吗
2392	可以看吗？
2393	房子可以看一下吗
2394	现在可以看不？
2395	还想看看
2396	您好，请问随时可以带看吗
2397	对了有没有税
2398	您好，我想了解肥西县政府大院即将上架的2室房源报价。
2399	小区里面配套完善吗
2400	什么小学
2401	五号南街坊吗
2402	对口什么小学
2403	还能讲价吗？
2404	海派的哪套是东边套89方的
2405	现在能在线看房吗？
2406	哪里可以确认这个信息？
2407	明天能看吗？
2408	看房方便吗？
2409	什么学区
2410	这个小区是上哪个小学呢
2411	您好，请问这个房子周边有哪些学校？
2412	现在能看，还有之前你说的水木林溪的可以看吗？
2413	房子几时可以实地看？
2414	我们是想置换的，需求2室一厅，顶楼也可以，但是总价要在310万之内，不要沿马路
2415	明天来看看这套
2416	可以按揭吗
2417	您好，我想了解友和里即将上架的1室房源报价。
2418	还能便宜吗
2419	我给说最低价不可议，就没在联系
2420	能看房吗
2421	这种一般能谈到多少呀
2422	请问首付和贷款是多少？
2423	分几期几期是吧
2424	这房子是挨着门口的吗
2425	您好，能帮我详细介绍下和煦园么
2426	小孙，问下房东，这房子80万卖不卖？
2427	5.1能安排看看嘛
2428	这个是几期的
2429	可以去看看
2430	嗯嗯，是靠大路边，还是里面？
2431	其余都是精装出售？
2432	小学和初中有些什么
2433	家具家电一起卖吗？
2434	价格能少不？
2435	不带家具家电 要价多少钱
2436	您好，请问这个户型有啥优缺点
2437	可以带我去看嘛
2438	十一学校能保证上么
2439	这二套税呢
2440	把山吗？
2441	首套首付多少钱
2442	你能带看吗
2443	有税吗？
2444	这个是中间还是两边的
2445	证过几
2446	有税吗
2447	首付多少啊
2448	有配套小学吗
2449	多少税
2450	这是哪
2451	一会能去看吗
2452	明天看房方便吗
2453	这房子多钱能拿下来
2454	在干啥呢？
2455	满几年
2456	这房子价格能谈多少
2457	这个最低多少
2458	朝马路吗
2459	什么时候方便？
2460	什么时候可以看房？
2461	能找上看看房子吗
2462	什么时候能够看房呢？
2463	2019年交的房 税应该不少吧
2464	你好，有房产证吗
2465	您好，请问这个房子周边有哪些学校
2466	首付要求多少呢
2467	小区配套的小学和初中是？
2468	家电齐全吗？？
2469	明天中午能看房吗？
2470	挡光吗？这个。
2471	装修了吗？
2472	那也可以看看
2473	价格不能谈下来 没有意思
2474	这个明天能看么
2475	小学初中都是云山道学校？
2476	可以看房吗
2477	可以看房吗
2478	会遮么
2479	现在有证没？
2480	您好，我想咨询博雅豪庭小区
2481	现在有时间看一下房吗
2482	就是问问看看能多少钱最低
2483	采光？朝向？
2484	看房方便吗？
2485	价格能谈多少！
2486	这个中学是哪个学校？
2487	可以去看房吗
2488	位置那里
2489	最低多少码
2490	这个房最低什么价
2491	阴面？
2492	有产证吗
2493	能看吗
2494	给有增值税？
2495	今天晚上能看不
2496	什么时候能够看房呢？
2497	顶楼？这房啥情况
2498	最低多少钱
2499	您好，我正在看和润幸福城的房子
2500	这个房子的信息是怎样的
2501	您好，请问这个户型有啥优缺点
2502	能谈多少
2503	满几年？
2504	房子产证几个人？
2505	您好，我想了解王庄新村莲园小区即将上架的2室房源报价。
2506	这套房源价格还有优惠空间吗？
2507	其他费用还有哪些？还有议价空间吗？
2508	我能在看看这个房子吗？
2509	布局都是这样嘛？
2510	能看房了？我看都没人看房
2511	配合贷款吗
2512	你们几点上班？想早点看
2513	是不是就要交增值税？
2514	有房产证没？
2515	你现在可以过来吗
2516	价格还可以少？
2517	这个房子可以看不
2518	什么时候能够看房呢？
2519	个税要交多少钱？
2520	大概什么时候满两年
2521	什么时候能够看房呢？
2522	什么时候才能看房
2523	房产证啥的没啥问题吗
2524	可以看看吗
2525	初中有么？
2526	那看看吧
2527	房子价格可以谈吗？
2528	首套税费我这边是一个点吗
2529	几期的
2530	这个小区，南区北区的学校都一样？
2531	中学呢？
2532	什么时候能够看房呢？
2533	1450以下有可能嘛
2534	什么时候能够看房呢？
2535	能谈到多少
2536	您好，请问这个房子周边有哪些学校
2537	您好，请问这套房源首付是多少？
2538	这套房价格有多少降价空间
2539	能看房吗？
2540	价格有多大空间？
2541	230能搞定吗
2542	有房证没
2543	看看今天会不会有带看
2544	好久没有登陆了，那边房子现在有啥优惠没
2545	阳光有遮挡吗
2546	哦哦，他们这边配套的有幼儿园吗？小学呢
2547	边户还是中间户？
2548	在哪里
2549	您好，请问这个户型有啥优缺点
2550	这套房也能看吧
2551	今天晚上可以都看看
2552	我想看一下这个房子
2553	什么时候能够看房呢？
2554	这两套是我觉得可以去看看的
2555	……好的那明天看看能不能让我去看看
2556	这个房子多少税多少
2557	房子现在能看吗
2558	东区吗
2559	五中是那个建筑大学附中?
2560	小区配套设施怎么样
2561	还能再有谈的空间吗
2562	南苑北里一区上什么学校？
2563	这种情况怎么付款
2564	户型是哪样的
2565	博士新居不能看？
2566	请问首付和贷款是多少？
2567	下午可以看房吗
2568	可以带看下吗
2569	有产证的吗？
2570	有税吗
2571	这个有大税吗
2572	转让时带家具电器吗？
2573	这个也能便宜对吧
2574	您好，请问这个房子周边有哪些学校？
2575	去看看
2576	这套房源价格还有优惠空间吗？
2577	还有房子可以看看吗
2578	最低成交就这个吗
2579	68万能研究吗
2580	有房子可以看吗
2581	有证吗
2582	和其他一层方便看的都看看
2583	什么时候能够看房呢？
2584	能介绍下这房子吗
2585	什么时候能够看房呢？
2586	只要房子配套设施好，户型，房龄新的?总之性价比好的，不知咋说，您懂给参考一下
2587	其他费用还有哪些？还有议价空间吗？
2588	下午能一块看吗？
2589	去看
2590	您好，我正在看广阳城的房子
2591	哦哦 别的都是精装？
2592	价格还能研究么
2593	能看吗？
2594	带我去看看吧
2595	看一下呢
2596	什么时候能够看房呢？
2597	想着先过去实地看看
2598	他是带家电？家具？
2599	好的这周六你带我也去看看的二中心的吧
2600	什么时候可以看看？
2601	这个房子在哪里嘛
2602	什么时候能够看房呢？
2603	这个房子今天能看吗？
2604	有阳光吗？
2605	你帮我问问吧，58万那个53万卖不卖
2606	这个晚上可以看吗？
2607	他这个116万，包含屋内家具吗
2608	户型
2609	这套房子下午可以看吗
2610	不需要不需要，我自己可以过来看哈
2611	这个带装修？
2612	您好，请问这个房子周边有哪些学校？
2613	您好，我正在看三兴花园的房子
2614	那个房子一会看看去
2615	平成没有清水吗
2616	附近有什么其他的单间配套推荐吗？
2617	只能全款？？？
2618	小学是哪里呢
2619	现在最低多少钱
2620	这套底价多少
2621	现在能看吗
2622	到什么时候满五唯一
2623	能不能谈嘛 不然我找其他人再问下
2624	靠路边不安全
2625	这个房子现在能看么
2626	你好，这个小区带什么学校？
2627	是精装还是？？
2628	好久可以看呢
2629	那什么户型图没有嘛
2630	您好，我想咨询远太大厦小区
2631	您好，请问这个房子周边有哪些学校
2632	多个税？多少？
2633	满二的都有什么税费
2634	请问首付和贷款是多少？
2635	什么时候能够看房呢？
2636	能看吗
2637	全款？
2638	挡阳光吗
2639	有个税增值税吗
2640	这公寓税费大概多少钱
2641	学区呢
2642	这套房子了解么？
2643	这套可以便宜不？
2644	您好，我正在看万科魅力之城南区小区
2645	价格方面还有溢价空间不
2646	带家电吗
2647	现在疫情期间能看房子吗
2648	这两套方便看么
2649	靠路吧位置
2650	有没有对口惠济路小学的？
2651	馨都广场什么房子，可以来看看
2652	采光好不好哦
2653	您好，房子有增值税吗
2654	学校
2655	她这个装修准备要钱吗
2656	初中呢
2657	这是几期的？
2658	税有多少
2659	有没有税
2660	这是几期的
2661	这是在东区还是西区
2662	姐这个房子在哪一栋几楼
2663	什么时候能够看房呢？
2664	总层是17层，光线还好吗
2665	能对口崇仁路小学吗？
2666	价格能谈吗
2667	杨鑫，我明天又想去看房
2668	这个户型？？？
2669	小学是哪个学区
2670	这套房子价格还能讲价吗
2671	115万：包含家居家电？
2672	房子能看下吗
2673	可以看看吗
2674	阁楼也装修了么
2675	您好，请问这个房子周边有哪些学校
2676	请问首付和贷款是多少？
2677	您好，明天下午也一起看看上隽的2房吧
2678	还想再看几套房子
2679	您好，我想咨询西凌新邨小区
2680	采光怎么样？
2681	下午方便看下吗
2682	最低什么价格房东可出
2683	这个房子可以看吗？
2684	能看房吗
2685	那附近还能看啥吗
2686	它是单间配套还是一室一厅
2687	您好，请问这个房子周边有哪些学校？
2688	组合贷也不行吗
2689	有没有税，是个人还是顶账的
2690	好久满两年呢
2691	嗯嗯，那请问什么时候满二呢
2692	具体情况呢？
2693	什么时候能够看房呢？
2694	可以一起看看
2695	以前看过这套，靠六环十字路口有点吵
2696	家具家电全带？能讲价吗？
2697	房子东户还是西户
2698	什么时候能够看房呢？
2699	这房多少钱能谈？
2700	这套房满几年了
2701	有其它的可以看的吗？188的
2702	毛坯？
2703	把边马
2704	今天看的这个业主价格上有的谈不？
2705	房子是加家具家电一起的吗
2706	你帮我约一下，看看能不能后天看看
2707	您好，我想咨询#古北虹苑（三期）#小区
2708	可以在线看下房吗
2709	能约吗
2710	是两套都可以看吗
2711	不是南北只有南面有采光吗
2712	是融创春风十里的什么苑
2713	小学怎么不是人民小学
2714	能看不
2715	那个海景城6栋是不是税费很高啊？
2716	不动产证满几年？
2717	今天能看吗
2718	几区的
2719	这套房是毛胚房吗？
2720	方便看房吗？
2721	有房产证吗
2722	在小区什么位置？
2723	读什么学校
2724	这个没有证吗？
2725	不知道什么户型
2726	这套房源价格还有优惠空间吗？
2727	对口中学，小学是什么
2728	初中
2729	什么时候可以看房
2730	光线好吗
2731	花钱买个没学区的，能保值？
2732	中学？
2733	便宜多少啊？480会卖吗？
2734	户型图和装修情况
2735	学位，配套
2736	亲，这个房子是第几排呀
2737	您刚才介绍的是？
2738	天津限价房源在哪里可以查到
2739	过几天在看房子
2740	临街吗
2741	这个不是要全款吗？
2742	这个在哪个路上
2743	全款买的话，税费多少？
2744	他这个底价会是多少呀？
2745	您好，请问这个房子周边有哪些学校
2746	在哪里
2747	那大概多少税费
2748	毛坯吗
2749	采光怎么样啊，有没有遮挡
2750	您好，我正在看彩虹老区小区
2751	这是那一年的房？有没有增值税?
2752	没满？
2753	现在能看吗
2754	过两天能看房吗
2755	周边怎么样？
2756	能聊多少
2757	什么时候可以看
2758	您好，请问这个房子周边有哪些学校？
2759	这套明天可以看房吗
2760	那还是学正中学好吧？
2761	就是交通便利，配套好一些的
2762	朝向马路？
2763	是说还有个清华附属的？
2764	请问首付和贷款是多少？
2765	这是一期还是二期的？
2766	商品房都有证吗？
2767	这套房源价格还有优惠空间吗？
2768	明天能带看房么？
2769	就是这个价格空间不大，家具家电全送是嘛
2770	我想问一下，金色乐府配套学区是哪些呢
2771	想先了解一下底价再说
2772	金角    银角？啥装修？
2773	八楼这个是靠近高压线那边哈
2774	什么时候能够看房呢？
2775	看看呢
2776	是房东不肯降低价格吗
2777	什么时候能够看房呢？
2778	什么户型？
2779	小平是落地的不
2780	想看看
2781	带屋里的家具家电吗
2782	能便宜多少
2783	这样，这个周末我有时间，可以先去看看房吗
2784	有增值税吗？310万以上了
2785	师范附属中学在哪里？
2786	什么时候能够看房呢？
2787	您好，请问周边配套怎么样
2788	是南北通吗
2789	这个能看吗
2790	价格能谈吗？
2791	明年什么时候满两年
2792	有大税吗？
2793	估计能少多少
2794	其他费用还有哪些？还有议价空间吗？
2795	附近要学校，我孩子明年上小学
2796	下周我想看看可以吗？
2797	小学是哪家学校？
2798	这是哪里的房子
2799	最低首付可以多少
2800	下午能看房吗
2801	装修好了吗？
2802	您好，我正在看恒大嘉州城的房子
2803	这个是一期的吗？
2804	鹏润蓝海C明天下午5点以后能看哪几套
2805	您好，我想咨询北辰名著小区
2806	这个怎么样
2807	房子在不在？能不能看房啊？
2808	初中呢
2809	您好，请问可以看房吗
2810	这个价格能下来多少？
2811	能大谈吗
2812	有房本吗
2813	朝西临路吗
2814	现在看，也只能是看看😂😂我做不了决定了
2815	现在方便讲讲吗
2816	支持公积金商贷组合贷吗
2817	那这房子什么时候满两年
2818	这套房源价格还有优惠空间么？
2819	不满两年怎么交易
2820	二手房家电家具是一起还是？
2821	不是首套房的话，税费怎么算呢？
2822	底价是多少
2823	什么时候可以看房
2824	可以看吗
2825	这房子能看房嘛
2826	哦。今天可以看下吗？
2827	下周还是想来看一下
2828	能上南师附中？
2829	那不现在不能办理按揭贷款？
2830	家具什么爷不带吗
2831	这套房源价格还有优惠空间么？
2832	您好，我想咨询凯德世纪名邸东庭小区的信息
2833	这几套今天都方便看一下么
2834	还有这套房的税费给介绍下吧
2835	有税么
2836	您好，请问这个房子周边有哪些学校？
2837	纳帕230估计这还得少吧
2838	可以用公积金贷款吗
2839	方便什么时候看看房子吗
2840	您好，我想咨询广隆苑小区
2841	美女，能看房吗？我十分钟去
2842	这套房源价格还有优惠空间么？
2843	您好，我正在看湖景苑的房子
2844	有房产证的
2845	这个房子能看吗？
2846	这个房子是中心小学片么
2847	有多大议价空间？
2848	价格能少吗
2849	附近有什么配套
2850	这个是几期
2851	什么时候能够看房呢？
2852	最低多少钱
2853	靠近马路是吗
2854	对了，这个房子有房产证吗
2855	依你看房东底价？他好像不五一？
2856	什么时候能够看房呢？
2857	那税费不就很高？
2858	您好，请问这个房子周边有哪些学校？
2859	这个5楼装修好的吗？
2860	多少空间
2861	需要实际看下楼层采光啥的
2862	这套房价格有多少降价空间
2863	想问问这套房
2864	这周这个房子有什么人有意向吗？
2865	税费是一次性付对吗
2866	这个是靠哪面？
2867	价格有多少可谈空间
2868	可以看吗
2869	什么时候可以看房
2870	此房诚意价格是多少
2871	明天还需要看一下房子哦
2872	您好，请问周边配套怎么样
2873	什么情况嘛
2874	普通装修，现在出租呢
2875	看过啊  每周末都在看房子
2876	19年买入的？
2877	你们这边能优惠多少钱呐？
2878	但都靠近马路
2879	最低多少钱能卖？
2880	是南北通透户型吗
2881	晚上现在好看房子么
2882	这套房子能谈价不？
2883	可以看看吗
2884	装修家具不怎么样倒是
2885	在什么位置
2886	是最东户吗？证过几了
2887	大型配套有吗
2888	有大税吗
2889	可看吗
2890	您好，请问这个房子周边有哪些学校？
2891	确定能看嘛
2892	这套房子可以看吗
2893	满两年算下来，多少能买成
2894	这个房子是几期的呢
2895	您好，请问这个房子周边有哪些学校
2896	可以看看房吗
2897	什么时候能够看房呢？
2898	靠路吗
2899	有大税是吧
2900	临街不，多少钱
2901	好的这房子装修怎么样啊？
2902	什么时候能够看房呢？
2903	二期是吗
2904	您好，想了解一下周边的房子，预算在200万左右，2室60到90平米。
2905	这一套能不能看，几栋的。
2906	那什么时候，满两年
2907	现在约了几套能看的
2908	我又想在我们小区看套三的房子
2909	您好，请问这个户型有啥优缺点
2910	124这个能便宜吗
2911	还有空间吗
2912	您好，请问这个户型有啥优缺点
2913	看房方便吗
2914	现在底价多少
2915	这套房源价格还有优惠空间吗？
2916	刚刚看了下装修，还是深色地板和家具
2917	前面没有楼层遮挡吗
2918	9号楼会不会堵采光
2919	您好，这房还有税吗
2920	装修都是老式装修了，但是家具啥的都是齐全
2921	在哪个位置
2922	家具家电能不要吗
2923	这套房源价格还有优惠空间吗？
2924	这个业主底价是多少钱？
2925	你再找几个价位差不多的发过来给我看看，去一次要好好看看。
2926	可以看下嘛
2927	毛坯？
2928	您好，我正在看三官堂的房子
2929	全款啊？
2930	能优惠吗
2931	市北有对口的小学吗
2932	那个710如果小卧室有挡，不知道挡多少
2933	能看一下吗
2934	在小区偏僻的地方吗
2935	什么时候能够看房呢？
2936	能看吗
2937	什么学校
2938	您好，我想了解龙郡·龙中社区即将上架的3室房源报价。
2939	二楼装修的什么风格
2940	锦园是私立的吧
2941	我现在想去看看
2942	这两个都是二期的？
2943	1750这套临街吗？
2944	这房子，满几年了
2945	还有大税吗。
2946	这是07户型吗？
2947	还能便宜吗
2948	好我很了解这边孩子陪读买一套，这个你问房东75万卖不
2949	什么时候能够看房呢？
2950	这套房源价格还有优惠空间么？
2951	东区的？
2952	这个价格还能谈多少呢
2953	不好看房子？
2954	什么位置？
2955	最低多少呢
2956	什么时候可以看看二楼的
2957	对口中学有哪些呢？
2958	这几套房子都能看吗？
2959	配套好一些
2960	其实是在卖装修和家具
2961	您好，请问这个房子周边有哪些学校？
2962	初中学区
2963	这套房源价格还有优惠空间吗？
2964	哪里啊
2965	顶楼？双税？
2966	这套房源价格还有优惠空间吗？
2967	什么时候能够看房呢？
2968	你好，现在能看房吗
2969	能不能看
2970	价格能谈多少
2971	您好，请问这个房子周边有哪些学校
2972	您好，我想咨询香山新村西北街坊小区
2973	小学
2974	可以看房吗？
2975	税怎么才能少一些
2976	周边教育配套怎么样
2977	降得不少
2978	学校情况
2979	配套的学区是
2980	现在能看房吗？我在岳王庙这里
2981	能谈多少？
2982	晚上方便看房吗？
2983	那个楼是精装房，还是毛坯交付的呢
2984	这套房源价格还有优惠空间么？
2985	好的。方便看房吗？
2986	多会能看
2987	想看看这套房
2988	你这套房子还有多少浮动的空间
2989	您好，请问这个户型有啥优缺点
2990	这个小区都是精装修吗
2991	1150那个能谈到1000吗？
2992	什么时候能够看房呢？
2993	房东有可能降价吗
2994	是两边采光吗？
2995	有税吗
2996	这套房源价格还有优惠空间吗？
2997	价格还能便宜吗？
2998	格林玫瑰湾今天能看吗
2999	其他费用还有哪些？还有议价空间吗？
3000	房产证是71对？
3001	能谈多少
3002	这套采光如何？
3003	您好，请问这个房子周边有哪些学校？
3004	这套房源价格还有优惠空间吗？
3005	什么时间能看
3006	这个房子现在可以看不
3007	这小区周边没有啥配套吧
3008	您能不能跟我说一下金绿洲附近的小区的建成时间 你们的房源有些没标建成时间 有些标的信息是错误的 所以不太了解周边小区的建成时间
3009	上次你给我推荐的龚路新城的两套房子明天可以看吗
3010	贷款每月还多少？
3011	你看看什么时间方便？
3012	这个几村的
3013	你好贵姓？明天方便看房吗
3014	房主要是谈价空间不大的话我就不看了
3015	能谈到多少
3016	什么时候能够看房呢？
3017	第二个是贵在装修了吗
3018	现在看不成是不是
3019	明天可以看看吗
3020	您好，请问这个房子周边有哪些学校
3021	买那个二手装修过的有税么
3022	能看看么？
3023	临街？
3024	税费呢
3025	房子哪面临街
3026	现在能看吗
3027	这套房源价格还有优惠空间么？
3028	便宜多少了
3029	这个是一期还是二期
3030	跟办证，一天交的税
3031	今天能看吗？
3032	你和谈谈最低多少钱卖！我也是诚心买！如若不然我就别的房了
3033	这套房子首付呢
3034	价格还有商量吗！可以看房吗
3035	价格还能谈吗
3036	价格可谈么
3037	什么时候能够看房呢？
3038	您好，我正在看齐门人家的房子
3039	这套房源价格还有优惠空间么？
3040	什么方式多少钱，可以稍微介绍？
3041	还能便宜吗？
3042	可以看吗
3043	首付五成，要缴税多少钱？
3044	您好，请问这套房源首付是多少？
3045	里面毛坯？
3046	这个业主还有一套类似的房子  我想一起看
3047	三房的都可以看一下
3048	中学呢
3049	价格可谈吗？
3050	你问问白天能看不
3051	经适房还能卖吗？
3052	我看下房子怎么样
3053	你好，周末有人看房吗
3054	这套房源价格还有优惠空间么？
3055	是在小区最北边嘛？
3056	这套房源价格还有优惠空间么？
3057	您好，请问这个房子周边有哪些学校？
3058	富丽苑的什么时候可以看下？
3059	带家具？
3060	价格最低多少？
3061	侨力大厦这个房子什么时候可以看房？
3062	现在能看房吗？
3063	几楼啊 采光怎么样
3064	哪里的房子呢
3065	这套房子，能一起看吗？
3066	什么时候能够看房呢？
3067	价格还有谈不
3068	可以看看吗
3069	这个看房方便吗？
3070	这小区的房子，房本都没过两年么，什么时候到两年
3071	房子多少楼哦 采光好不好
3072	价格有空间吗
3073	最低价多少
3074	税费
3075	请问有证吗
3076	这房子小学 初中可以读哪里，
3077	您好，我正在看嘉骏香山苑的房子
3078	学区是什么
3079	这个房子问题吗？
3080	看房方便吗
3081	是挨着马路吗
3082	有阳光吗？
3083	这套房子今天能看吗
3084	这个在哪里的
3085	西区2楼呢，能谈到290以内吗？
3086	什么时候免税
3087	房证是不动产证？
3088	这个是几期的？？
3089	都是什么？各种税
3090	南院？
3091	可以看看吗？
3092	周围配套设施怎么样
3093	价格有少呢
3094	划片中学有吗
3095	初中呢😁
3096	什么时候能够看房呢？
3097	您好，我想咨询#大城小爱#小区
3098	毛坯的吗
3099	这个可以看房不
3100	现在疫情期间能看房子吗
3101	这套朝南的下周六能看吗
3102	您好，请问该套房源首付是多少？
3103	周边有什么配置吗
3104	请问在这套看房方便吗
3105	现在可以看房吗
3106	增值税？
3107	这个税费大概多少
3108	看那套啊
3109	又带窗的低楼层的吗
3110	南北通透吗
3111	周边生活配套么
3112	房子价格大概能谈多少
3113	文一的看房方便吗
3114	契税为什么不是1
3115	约个90多方的看看
3116	公积金能用吗
3117	带什么学校呢
3118	能一起看水映蓝庭那套吗。
3119	现在能松动么
3120	哪个楼盘有优惠
3121	还有什么户型的
3122	底价多少
3123	问下还有其他税费吗？房产证是那一年的？
3124	附近配套齐全吗
3125	能看不
3126	能预约到看房不嘛
3127	可以看房么？
3128	嗯这房子二套首付几成？
3129	您好，请问这个户型有啥优缺点
3130	您好，请问可以做的最低首付和税费分别多少呢
3131	房子随时都能看吗？
3132	这套房子产权证有没有
3133	顶楼是刚搞的装修吗
3134	有没有产权证
3135	明天上午能看吗？当面聊
3136	什么时候能够看房呢？
3137	他这个有遮挡吗？
3138	其他费用还有哪些？还有议价空间吗？
3139	最近还有可以看的房子吗
3140	周围配套怎么样
3141	什么时候能够看房呢？
3142	去看看？
3143	这套房源价格还有优惠空间吗？
3144	一般便宜多少？
3145	我还以为可以先看
3146	您好，请问这个户型有啥优缺点
3147	几楼的？价格能谈多少？
3148	价格还能谈吗
3149	下午能看房吗？
3150	能正常贷款吗
3151	能看了吗？
3152	什么时候满两年啊
3153	小徐，这个房子可以看吗
3154	周边的学区是哪呀
3155	还有多久满两年呢
3156	能看吗今儿
3157	采光遮挡严重吗
3158	什么时候能够看房呢？
3159	其他费用还有哪些？还有议价空间吗？
3160	这个是满几年哦
3161	位置是怎样的
3162	这个房本是几年的啦
3163	什么时候能够看房呢？
3164	其他费用还有哪些？还有议价空间吗？
3165	能看吗？
3166	可以贷款吗
3167	主要考虑的问题是交通商业配套和后期出手的问题
3168	什么时候能够看房呢？
3169	都是买方付吗
3170	您好，我想咨询龙湖佰乐街小区
3171	要给高税吗？
3172	您好，请问这个户型有啥优缺点
3173	你看看哪个比较方便
3174	这个今天能看一下吗？
3175	这个房子产权满几年啊？
3176	价格怎么大谈？
3177	能不能实地去看下啊
3178	一期的五楼？
3179	总价有少吗
3180	有增值税吗
3181	业主多少可以成交
3182	不需要不需要，我自己可以过来看哈
3183	什么时候能够看房呢？
3184	下边这个位置在哪里？
3185	1900现状？
3186	1楼采光，虫子什么的 要好好考虑下的
3187	边户
3188	在哪
3189	周末过来看房、你方便吗？
3190	您好，请问这个房子周边有哪些学校
3191	这个最低多钱？
3192	中学呢
3193	这是小区最后一排的吧
3194	他没有下证？
3195	在哪啊
3196	您好，请问这个户型有啥优缺点
3197	全款买呢
3198	对口五里墩小学哈
3199	价格能谈多少
3200	望春园这个房子最低多少钱？
3201	增值税多少
3202	您好，我正在看太湖锦园的房子
3203	是楼头吗？
3204	附近有啥学校吗
3205	有合适房子介绍下
3206	什么时候能够看房呢？
3207	看哪的房子
3208	这个能线上看不
3209	明天能看吗
3210	有按揭吗
3211	还能谈么？
3212	支持公积金？
3213	什么时候可以看？
3214	看一下第一套房子吧
3215	挨着马路吗？
3216	税费大概多少
3217	只能看147的是么
3218	这个房子是税高是吗
3219	什么时候可以满二
3220	您好，请问这套房子是可以随时带看吗？
3221	明天可以看嘛
3222	有没有产权证
3223	个税不是只有一个点吗
3224	这个房子什么情况
3225	能看房么
3226	下午能看房吗？
3227	那大概多少拿下来
3228	房子满几了
3229	请问这个三十八万的装修了
3230	就是那个毛胚的是吗
3231	您好，请问这个房子周边有哪些学校？
3232	也没什么要求，就是户型方正就行，别靠路
3233	是二期的吗
3234	这个周围有学校嘛？
3235	看房方便吗
3236	您方便吗
3237	采光怎么样
3238	什么时候能够看房呢？
3239	您好，请问这个房子周边有哪些学校？
3240	中学呢
3241	今天能看房吗？
3242	采光如何？电梯房低了我担心采光
3243	晚上可以看房子不？可以的话我吃了饭来看看
3244	看房方便吗？
3245	毛坯吗？几楼？
3246	那个房子一会看看去
3247	可以看看
3248	中学呢
3249	手套有什么优惠吗？
3250	五一可以去看？
3251	什么时候能够看房呢？
3252	能贷款吗？
3253	靠北京东路吗？
3254	您好，请问这个房子周边有哪些学校？
3255	业主底价多少？
3256	明天上午可以看吗
3257	这个可以议价？
3258	10号404他看吗？
3259	这套能降些价吗
3260	这套房源价格还有优惠空间么？
3261	   契税是几个点，赠与的话
3262	嗯，和平一片区怎么样？
3263	临街吗
3264	靠近公路吗
3265	最近可以看房吗
3266	什么时间看房子
3267	装修如何？
3268	采光怎样
3269	买这可以入读哪里的幼儿园小学和中学呢？
3270	可以看房？
3271	另外，初中呢？
3272	可议吗？
3273	住人2楼，采光还是可以的
3274	底价多少
3275	多久满二呢
3276	半个小时后可以看房吗
3277	对口什么小学
3278	龍崗外國語學校?
3279	什么户型不靠高架？
3280	初中呢
3281	个人买房还要增值税吗
3282	这个房子小学读哪里？
3283	这套税费大概多少
3284	房产证啥的都有吗
3285	什么地方
3286	好的，看房方便吗
3287	我想去看下这个房子可以吗？
3288	还是可以看看
3289	您好，请问周边配套怎么样
3290	您好，请问这个房子周边有哪些学校
3291	现在可以看吗
3292	初中
3293	3.3能谈下来了吗
3294	28栋在哪个位置
3295	可以直接读？
3296	有空可以看看吗
3297	C区有没有房产证
3298	这个房子有太阳么？
3299	小学是高新一小，初中是高新一中吗？
3300	这房子可以看一下吗
3301	附近生活方便吗
3302	我想问一下好一点的学校是哪个这块
3303	可以看吗？
3304	这个楼盘有房产证了吗
3305	我还想看下这套房子
3306	最好周围配套齐一点
3307	可以看房吗
3308	7层  是临街吗
3309	您好，我想咨询恒兴棕榈公馆小区
3310	这个小区都满了吗
3311	5栋s户型又吗
3312	能谈多少
3313	配套房另加钱不
3314	在哪
3315	这是几期
3316	这房证齐全吗
3317	配套的小学初中分别是哪个？
3318	是学期房吗？
3319	我想了解一下西安公寓，准备买一套公寓
3320	房东税什么情况
3321	1栋和10栋都是三期？
3322	什么时候能够看房呢？
3323	请问这个是可以读哪里学校
3324	现在可以带看？
3325	有其他不含家具的吗
3326	什么学区
3327	学校是哪所呢
3328	这个房子可以读书吗
3329	装修了吗？
3330	什么小区，什么户型
3331	这房子什么时候方便看
3332	您好，我正在看共和路7号的房子
3333	这套房源价格还有优惠空间吗？
3334	价格能再低吗
3335	是最后一排吗
3336	有你们说的大税么，因为我先前看的房子都有大税
3337	好久满两年
3338	我明天有时间你帮我约几套三居室吗？
3339	首付多少
3340	现在可以看吗？
3341	一会能看吗
3342	税费大概多少钱
3343	这些都能看吗？我可以下午来看看
3344	具体在哪
3345	首付多少
3346	价钱能少吗
3347	可以安排一起看一下吗 既然都去了
3348	您好，请问这个房子周边有哪些学校？
3349	房子靠顾戴路吗
3350	这个是一期的还是二期的
3351	税费多少
3352	问学区，不是草堂小学吗
3353	家具家电有吗？
3354	他这个515的有议价空间吗
3355	你想带我看看么？
3356	底价
3357	还是空的很久了
3358	靠马路太近了
3359	可以谈到多少呢？
3360	可以看吗？
3361	有没有房子能看的
3362	今天能看么
3363	家具家电？
3364	怎能？
3365	晚上看房方便吗？
3366	这个房子最低多少
3367	您好，我想咨询中山大厦小区
3368	那个区，下证了吗
3369	满几年
3370	可以看不
3371	这个房子有增值税吗
3372	您好，我正在看蓝光中央天地小区的成交信息
3373	价格有谈的空间吗
3374	另外我想知道像我这样属于第二套房，假设买她的房，首付多少，月供多少，以及还需付其他费用吗
3375	什么时候能够看房呢？
3376	挡光程度如何？ 我想看看这个和21楼的东山那个。
3377	那时也看看
3378	请问首付和贷款是多少？
3379	这套房源价格还有优惠空间吗？
3380	这个周末能看嘛
3381	这种满五唯一的税可以少多少
3382	能谈到705
3383	最低谈到多少啊
3384	还有他们为什么没有房产证呢
3385	都是总校吗？
3386	家具家电有吗
3387	房子最低多少钱
3388	另一套咋样
3389	明天能看吗？
3390	系统里那个报240的，是01户型吗？全北的？
3391	没大红本？
3392	这个怎么是通透那
3393	税金
3394	哪天方便去看看
3395	现在可以看下房吗
3396	价格能谈么
3397	可按揭吗
3398	这个房要缴增值税吗
3399	方向反了，靠近常熟路的长乐路，即近荣康别墅
3400	房子能贷款吗
3401	所有的二手房都有增值税，个税，契税的吗
3402	这个位置在哪
3403	在哪里哟！
3404	不是买楼的时候统一精装吗
3405	是否含税？
3406	价格能谈多少呀
3407	这个可以看吗
3408	交易税多少
3409	您好，我想咨询万科翡翠臻园小区
3410	那个小区有几套能看的户型
3411	这个怎么样？
3412	家具一起吗
3413	有产证吗
3414	30能做下来就去看看房子
3415	现在能去看嘛？
3416	税费几多
3417	侯杨庄在哪啊
3418	您好，我正在看汉峪海风的房子
3419	小学啊
3420	您好，我正在看香山庄园的房子
3421	两个学校
3422	现在看房是不是都不方便？
3423	这是哪里的学位
3424	是南北通透的吗
3425	业主底价多少钱？
3426	这套房源价格还有优惠空间吗？
3427	价格还有的谈吗
3428	请问这个小区学位配套怎么样，离地铁多远吗
3429	这套房子看房方便吗？
3430	有房产证吗？
3431	哦哦，能随时看吗
3432	今天可以带看么
3433	什么时候能够看房呢？
3434	这个房有房本吗？
3435	什么时候能够看房呢？
3436	我想看看这个房子
3437	星期一有时间来看房
3438	主要是采光怎么样？
3439	你发这个是哪里的房子
3440	一期还是二期
3441	裸房最低多少钱
3442	什么时候能够看房呢？
3443	临吗
3444	那不方便看呀
3445	可以贷款吗、
3446	说实话不想去实地看
3447	请问这是一个什么户型？地下室是正规的还是自己私挖的？
3448	毛坯吗
3449	靠近交通路吗
3450	请问首付和贷款是多少？
3451	这个谈价空间多大
3452	中间的房子吗
3453	带哪里学位
3454	这套房源价格还有优惠空间吗？
3455	什么时候能够看房呢？
3456	能看和我说一下
3457	有个税么
3458	好的，现在可以直接看吗？
3459	二套首付多少？
3460	这套房能看么？
3461	您好，我想咨询锦绣雅苑小区
3462	这是特殊户型吗
3463	能办房产证吗？
3464	装修怎样
3465	能看不
3466	这个最低多少
3467	可以看看吗
3468	下午能不能看房
3469	什么时候能够看房呢？
3470	我想多看几套对比下
3471	过两年了？
3472	您好，请问这个房子周边有哪些学校？
3473	新房为什么会有增值税？
3474	什么时候能够看房呢？
3475	能看吗
3476	家具全带走?
3477	是塔子湖小学？
3478	我想看看房子
3479	配套学区是哪里
3480	你明天要看房吗
3481	满几了
3482	临街吗
3483	您好，请问这个房子周边有哪些学校
3484	中学呢
3485	这房要增值税吗？
3486	您好，我想咨询#湖光路#小区
3487	不会挡么
3488	税费35明细我看下
3489	您好，请问这个房子周边有哪些学校？
3490	我想去看看
3491	哪个校区
3492	这个房大税有多少钱
3493	小学是？
3494	详细介绍一下本房子
3495	在什么位置
3496	您好，请问这个户型有啥优缺点
3497	价格213？
3498	是西边套吗？
3499	现在可以看吗
3500	满几年了
3501	什么时候可以看房子
3502	这个小区对口哪个小学啊
3503	我还想看看之前你说的那套房子
3504	现在能看吗
3505	几楼啊，最低多少钱
3506	这套房子好看嘛 明天
3507	这套房源价格还有优惠空间吗？
3508	你跟我讲下这个房子的情况呢
3509	这个包含土出么
3510	这个能看吗
3511	满几年的
3512	d是不
3513	这套房源价格还有优惠空间么？
3514	要全款交易么
3515	今天能看那几套？
3516	是带家具家电一起的吗
3517	您好，请问这个房子周边有哪些学校
3518	这个可以看吗
3519	靠路
3520	115万：包含家居家电？
3521	现在可以看房吗
3522	这套是E5区的，是吗
3523	您好，请问随时可以带看吗
3524	那8楼能谈到280万左右吗？
3525	是随时方便看房吗
3526	准备明天看看房子
3527	首付大概多少钱
3528	龙博这个能到130吗
3529	业主的价格可以谈么
3530	这套也是只有契税和个税对嘛
3531	这个房子上哪个小学？
3532	这个有遮挡么
3533	这个是清水还是装修了的
3534	全款吗
3535	南区还是北区？
3536	您好，请问随时可以带看吗
3537	可以看看
3538	什么时候能够看房呢？
3539	然后周边配套齐全
3540	配套
3541	什么时候可以看
3542	房东价格有下降空间吗
3543	这个学区小学对应是哪里
3544	什么时候能看房
3545	我今天看下房
3546	我看出来了是临马路的
3547	啥时候可看房？
3548	何时可以看房
3549	您好，请问这个房子周边有哪些学校？
3550	您好，请问这个房子周边有哪些学校？
3551	去预约这个
3552	您好，我正在看和泰家园的房子
3553	今天能看看一楼带院的房子吗？
3554	这个是02户型还是03的户型
3555	这套房源价格还有优惠空间吗？
3556	还能便宜吗
3557	您好，请问这个房子周边有哪些学校？
3558	这个26的怎样冬天采光怎样
3559	那房子里有家具那些？
3560	房子可看吗
3561	您好，我想了解林锦花园西区即将上架的1室房源报价。
3562	这一带配套小学有哪些？
3563	好久可以看房
3564	房本满几年？
3565	我上面发的这个房房东带家具卖吗？
3566	什么时候能够看房呢？
3567	远征160的房子最低价多少？
3568	价格还有空间不？
3569	您好，请问这个房子周边有哪些学校？
3570	望马路边的吗
3571	您好，请问随时可以带看吗
3572	价格可以谈吗？
3573	不要太偏，有配套设施，有学区
3574	靠路么
3575	我想看看这个房子
3576	首师大附中是新建的吧
3577	这个小区是什么街道？ 什么学区
3578	你这里方便安排看房吗
3579	可以谈到多少
3580	价格还能谈不
3581	能贷款吗
3582	你什么时候有空，带我看看这套房子
3583	可以看房吗
3584	您好，我想了解仁恒河滨花园即将上架的2室房源报价。
3585	能商量多少呢
3586	这个能看吗
3587	这套房源价格还有优惠空间吗？
3588	这套房子是什么情况
3589	您好，请问这个房子周边有哪些学校
3590	还有这个房子是不带任何家具的吧
3591	我今天有时间了，你这边有可以看的房子吗？
3592	装修怎么样
3593	看房子吧
3594	临街不
3595	有房产证吗？
3596	能做高贷款吗
3597	可以介绍一下这个的情况吗
3598	你好，我想看一下这套房子，
3599	啥时候方便看下房么
3600	现在外地人居住证能上公立小学吧？
3601	小学在哪上？
3602	您好，请问这套房源首付是多少？
3603	中粮祥云国际三期？
3604	是毛坯吧
3605	这套最近有人在谈吗
3606	什么价格可以卖呀
3607	什么时候能够看房呢？
3608	户型
3609	这套房子可以看吗
3610	什么时候可以看
3611	想今天下午看房，可以吗？
3612	这套有没有大税
3613	首付多少
3614	初中是上地实验？
3615	家具家电带吗
3616	是否还有降价空间？
3617	这套价格空间有多大
3618	这里出租情况如何
3619	这个什么时候满二
3620	这个价格还能谈吗
3621	首付五成的话，加上税是多少？
3622	下午可以看吗
3623	前排的吗
3624	什么时候能够看房呢？
3625	好的，是南北通透吗
3626	有个税？
3627	能给看下这个房子不
3628	您好，我想咨询四季晶园小区
3629	在吗？明天可以看房吗
3630	什么时间可以看
3631	艺术学院的电梯房有房产证吗
3632	您好，请问这个房子周边有哪些学校
3633	这套最低价好多
3634	周边设施怎么样
3635	可以贷款是吧
3636	附近是啥学校
3637	您好，请问这个房子周边有哪些学校？
3638	有证吗？
3639	周边设施怎么样
3640	能不能看
3641	英才有小学？
3642	评估价还是成交价
3643	价位能谈呗
3644	这套是房东自己装修的吗
3645	这个加税费多少呀
3646	这套现在可以看吗
3647	这个价格最少能下去多少
3648	税要付多少
3649	您好，请问这个户型有啥优缺点
3650	您好，我正在看江汽六村的房子
3651	我想问下这个房子是二手精装修吧
3652	这套房子现在底价多少钱能买
3653	什么小学，初中？
3654	啥时候能看房
3655	1540那套晚上能看嘛
3656	我昨天看视频的房子明天可以看吗
3657	什么时候可以看房呢？
3658	什么装修
3659	您好，我正在看衡山路的房子
3660	这里面装修怎么样？你们有没有去看过
3661	这样的费用合计起来，首付多少
3662	是你们装修的？
3663	您好，我想咨询山海津小区
3664	他这家具什么的怎么算
3665	小学和初中就什么名字呢
3666	中学是哪？
3667	在小区什么位置
3668	这个是几期？
3669	可以看房吗
3670	下礼拜可以看房吗
3671	节假日期间看房方便吗
3672	你好，这个房子上那个小学
3673	有产权证吗？
3674	房子能看吗
3675	满几年？
3676	这个可以看吗？
3677	临街三层吧？
3678	什么时候能够看房呢？
3679	能上什么小学
3680	嗯嗯，这个怎么样
3681	小学和中学对口哪里
3682	房子里目前就是你现在拍的这些吗？家具家电都有
3683	可以公积金贷款吗
3684	东区还是西区
3685	可以看房吗
3686	税高一点是吧
3687	看房方便吗
3688	可以贷款吗
3689	这个房子多久可以看
3690	这个户型吗
3691	能讲价吗
3692	有一半在地下啊，屋里采光怎么样
3693	可以谈到200万吗
3694	这个房子听说是满四的
3695	我只看这个，你约好哦
3696	这边的初中能派到哪
3697	什么时候能够看房呢？
3698	这个能配合贷款吗
3699	可以看房吗
3700	随时可看吗
3701	请问临街吗
3702	语音带看可以？
3703	阳光遮挡吗
3704	什么时候可以现场看？
3705	东华明珠园，南国丽园和丹枫雅苑对应小学分别是什么
3706	什么时候能够看房呢？
3707	您好，请问这个房子周边有哪些学校？
3708	含税吗
3709	契税多少
3710	一期全部是友谊大街小学吗，和41中吗
3711	行您联系能看吗
3712	生活配套怎样
3713	您好，请问这个户型有啥优缺点
3714	您好，我想了解荣安月园即将上架的3室房源报价。
3715	这个房子在哪边
3716	你好，这套嘉园下午可以约看吗。
3717	这套房源价格还有优惠空间吗？
3718	这个丽景苑是哪里的
3719	您好，请问这个户型有啥优缺点
3720	这个周末看不了吗？
3721	这个房子没有大税吧
3722	明天上午能一起吗
3723	什么时候能够看房呢？
3724	我想看一下国际四期21栋17楼现在可以吗
3725	在几号院
3726	有房产证 双气
3727	我现在能看看这个房子吗？
3728	请问这个小区，可以上20中吗
3729	这个是清水房吗
3730	想看一下房子
3731	可以看吗
3732	中学呢
3733	啥时候能看啊
3734	这套房源价格还有优惠空间吗？
3735	有没有房本？
3736	朝东下午没什么阳光啊
3737	您好，我想了解一下这套房子  https://shangye.ke.com/tj/sp/buy/detail/1100245626
3738	你好，我想看一下这套房子，
3739	价格可谈吗
3740	这套房源价格还有优惠空间吗？
3741	多少税呢
3742	这个是哪个小学的
3743	是南区吗？光线么样
3744	什么时候能够看房呢？
3745	看房方便吗
3746	不要单间配套
3747	明天我想再看看小屋
3748	你们那哪套房子可以看的啊目前
3749	能不能约起来看一下
3750	这个承担税么？
3751	这位置在哪啊
3752	说实话不想去实地看
3753	底价多少
3754	都看看吧
3755	这是哪里的房子
3756	还可以 但是还是想看看其他的
3757	是老校区？
3758	是要看房子？
3759	有房产证吗？
3760	您好，请问这个房子周边有哪些学校？
3761	好的，看房方便吗
3762	这套房源价格还有优惠空间吗？
3763	什么时候能够看房呢？
3764	这房南面临街吧
3765	能看房吗
3766	嗯嗯 宁宝的小区配套更好
3767	看看明后天有时间我约你，我先对比一下
3768	您好，请问这个房子的首付、税费和贷款是怎样的？
3769	这个价格还能商量吗
3770	什么地方
3771	靠路吗？
3772	您好，请问这个户型有啥优缺点
3773	您好，请问这套房源首付是多少？
3774	价格是否可以再低些呢？
3775	底价多少？
3776	这套房源价格还有优惠空间么？
3777	有双税吗
3778	明天能看看吗
3779	这房子能往下谈多少
3780	不影响采光吧
3781	您好，我正在看七0七所社区的房子
3782	不满税要多少？
3783	看房方便吗
3784	明天可以看吗
3785	免大税吗
3786	还可以议价吗
3787	可以看房吗
3788	房主不再济南吗
3789	交税多少
3790	房子咋样
3791	这都是几期的房子？
3792	这套房什么学区
3793	整体不错是吧？
3794	要交很多税
3795	价格还有多少空间
3796	老板，唐堤慧苑是个什么情况
3797	大概是哪个位置呢
3798	价格🈶️得谈吗
3799	采光怎么样啊
3800	什么时候能够看房呢？
3801	那还是靠路边
3802	大税得多少钱
3803	这套房源价格还有优惠空间吗？
3804	桦川路小学？
3805	能看看吗
3806	南区还是北区？
3807	可以看房不
3808	他什么情况啊
3809	正在看这一块儿的房子
3810	能不能用公积金贷款
3811	这个房子是税高是吗
3812	怎么样的
3813	现在能看看吗
3814	您好，请问这个房子周边有哪些学校？
3815	您好，请问这个房子周边有哪些学校？
3816	小学呢
3817	什么时候能看
3818	周边环境怎样
3819	2层这套不临街？房主底价可以多少？
3820	什么时候可以看房
3821	哦，这套是增值税是吧，大概多少
3822	这套朝南的下周六能看吗
3823	您好，请问这个户型有啥优缺点
3824	啥时候证满两年呀
3825	不靠马路的
3826	这个房的性价比怎么样
3827	什么地方？
3828	请问底价好多
3829	20万可以了吗
3830	还有议价空间吗？
3831	临街吗
3832	这个是几期
3833	这个房子可以看吗？
3834	这房子价格还能谈多少？
3835	这套房周边配套设施怎么样
3836	我带她一起去
3837	过两年？
3838	还是有光照
3839	您好，请问这个房子周边有哪些学校？
3840	您好，请问随时可以带看吗
3841	可以看看房子吗？
3842	25000一平有可能吗？
3843	是不是有个挡光了？
3844	能现场看了吗
3845	什么时候能够看房呢？
3846	两个房子都有大税？？
3847	自如装修那套可以看嘛
3848	什么时候能够看房呢？
3849	地铁附近的，配套齐全
3850	初中五中？
3851	最近有什么好房可以看吗
3852	预计最低这个可以多少
3853	好久满2年呢
3854	您好，请问随时可以带看吗
3855	这套房子就是带全套家具家电嘛
3856	下次开的是二期吗
3857	随时都可以去吗？
3858	南边有遮挡吗
3859	保兴港是安置小区吧
3860	我看了一下VR，靠近西南路哈，但也没太大关系，没有那么完美的房子，到时候跟房主再讲讲价
3861	他们对付款有要求吗
3862	旺府豪庭读什么小学
3863	第一排好？
3864	这个相对来说优惠点
3865	我不想装修呢
3866	这个房子能不能看房
3867	今天能看那几套？
3868	现在能看房么？
3869	这套房源价格还有优惠空间吗？
3870	免税了吗？
3871	高税大概好多钱
3872	有没有那个什么税费？
3873	有税之类的吗
3874	您好，我正在看恒大天府半岛的房子
3875	这个最低多少
3876	这个房子上什么小学
3877	一楼是房子还是空的
3878	这个房子有证吗
3879	什么时候能够看房呢？
3880	您好，请问这个户型有啥优缺点
3881	什么时候能看
3882	星河带的学校？
3883	在凌宾路的口么
3884	这就装修完了？
3885	好的，过二天去看看
3886	问下这个房子学区？
3887	灞河边吧
3888	其他费用还有哪些？还有议价空间吗？
3889	这房能谈多少😏
3890	其它有好一点的也可以一起看看
3891	这个需要重新装修，看看能谈下来多少
3892	您好，请问这个房子周边有哪些学校？
3893	最近还有可以看的房子吗
3894	您好，请问这个房子周边有哪些学校？
3895	天后的房子可以看吗？
3896	单间配套吗
3897	能够看房？
3898	您好，请问这个房子周边有哪些学校？
3899	配套小学如何
3900	都在最后一排吗
3901	我想明天去这个小区看房，
3902	现在首付要多少
3903	我就想问下，这个25的税，最低能做到多少
3904	您好，我想咨询#顶琇国际城#小区
3905	税费呢
3906	前面阳台冬天太阳是否有遮挡
3907	今天能看吗
3908	90万可以谈吗
3909	那要交多少税啊？
3910	这个房子可以上小学？
3911	看房子
3912	价格能下来1030吗
3913	您好，请问这个房子周边有哪些学校
3914	您好，请问这个房子周边有哪些学校？
3915	这是在哪里
3916	那他能贷50/还是60
3917	您好，请问这个房子的首付、税费和贷款是怎样的？
3918	这个可以看房吗？
3919	房源情况都是真实的嘛
3920	您好，请问这个房子周边有哪些学校
3921	几期
3922	这个房子附近有什么学校
3923	装修怎么样
3924	南区北区？
3925	这个房子房东可有想降价卖的想法？😄
3926	初中呢
3927	首付多少？可以用公积金吗？可以迁入户口吗？
3928	是否还有降价空间？
3929	您好，请问这个房子周边有哪些学校
3930	毛坯交房对吧
3931	可以看下吗
3932	这房子什么情况
3933	这边学校有啥
3934	降价是不可能
3935	现在这个房能看了吗？
3936	这套房子基本情况有吗
3937	您好，请问这套房源首付是多少？
3938	首付40然后没有税费？
3939	这一套最低多少
3940	初中对口哪些啊
3941	哪个学区
3942	你好，下午可以看房吗？
3943	房产证还没有下吗
3944	最低多少钱
3945	下周几看房
3946	户型
3947	初中是哪
3948	最低多少钱
3949	您好，请问这个户型有啥优缺点
3950	你们那哪套房子可以看的啊目前
3951	有配套幼儿园么
3952	您好，请问这个房子周边有哪些学校？
3953	这两个能看吗
3954	能正常贷款吧
3955	他标价195，有商量吗
3956	在哪里
3957	您好，请问这个房子周边有哪些学校？
3958	学校呢
3959	对了730的那套星云苑的还能谈吗？
3960	就读学校是哪里
3961	这套装修怎么样的
3962	这房子价格还能谈吗？
3963	您好，请问这个房子周边有哪些学校？
3964	房价可谈吗？
3965	还能便宜不
3966	假如我们小学不在这个小区对口小学读，升初中是不是有点麻烦
3967	什么时候看房都可以吗？
3968	这个价格还是可以谈的是吧
3969	房子是精装房吗
3970	460那套最低多少钱？
3971	看看这套房子
3972	最低多少钱
3973	知道业主多少卖么
3974	有的话我想看一看
3975	这套房源价格还有优惠空间么？
3976	税费多少？周六下午去看
3977	周边生活方便不
3978	什么时候能够看房呢？
3979	房子有没有高税
3980	这个天瑞花园能否享受洋房、别墅区的公共区域配套？
3981	那还是找满5的
3982	能跟我讲讲这个房子吗
3983	公积金贷款支持吗
3984	现在能实地看房还是只能网上看？
3985	价格能谈多少税点、多少
3986	有房产证吗
3987	这个房子现在是什么情况
3988	啥时候满2呢
3989	生活设施方便吗
3990	什么时候能够看房呢？
3991	一期还是二期的
3992	您好，请问这个房子周边有哪些学校？
3993	这个房子看房方便吗？
3994	您好，请问这个户型有啥优缺点
3995	其他费用还有哪些？还有议价空间吗？
3996	小学是对应的哪个小学了
3997	您好，请问这个户型有啥优缺点
3998	您好，我正在看上大阳光乾宁园小区
3999	有房本？
4000	什么时候可以看房呢？
4001	这套房源价格还有优惠空间吗？
4002	那它不是还有个好几十万的税吗？
4003	会遮挡吗
4004	这个小区是跟中海阳光玫瑰园初中学位一样吗
4005	中学带的哪个学校
4006	能看吗？
4007	多少楼？价格最低多少
4008	这套房子是清江山水几期的
4009	多少钱心里价位
4010	您好，请问随时可以带看吗
4011	商贷公积金都可以吗
4012	方便看么
4013	我明天想去看房子
4014	买二手房不就图配套
4015	是家具家电都带吗
4016	小区现在看房方便吗
4017	是解放路小学吧
4018	能看吗？
4019	请问这个是什么小学学位？
4020	哦，能看房吗
4021	您好，我想咨询#招南小区#小区
4022	中学呢
4023	17号楼有没有毛坯？
4024	底价多少
4025	130万含房子里所有物品吗？
4026	你确定这个房子能看吗
4027	但是总价超过预算了，就问下有没有议价空间
4028	融福的都要明年十月份才会满2年是吗
4029	有证吗
4030	采光哪样？
4031	卖房，是要求全款么，还是可贷款
4032	税费如何付
4033	全款610，就是不能贷款？
4034	现在可以看房不？
4035	首付多少钱
4036	您好，请问这个房子周边有哪些学校？
4037	啊那价位还能谈吗
4038	可以看房吗
4039	这套房源价格还有优惠空间吗？
4040	中学呢？
4041	什么时候能够看房呢？
4042	养老合适吗？周边配套齐全吗？
4043	240万这个还有价格空间吗
4044	什么时候能够看房呢？
4045	都有大税吗
4046	可以过来看看
4047	可以看房子吗
4048	陶然亭小学呢
4049	这确实够诚意了
4050	能看房吗
4051	那还是没诚意😁
4052	税多少
4053	这是几期的
4054	其他费用还有哪些？还有议价空间吗？
4055	这个房子有配套的学习
4056	这房子在里楼的
4057	增值税有吗？
4058	阅城新座的可以的话先看下吧
4059	您好，我想咨询东景家园小区
4060	您好，我正在看东方星座酒店式公寓的房子
4061	这套房源价格还有优惠空间么？
4062	你看可以不
4063	初中呢？
4064	188的那个这回能看吗？
4065	现在能看么0
4066	您好，我想了解中弘卓越城即将上架的3室房源报价。
4067	下午可以看吗？
4068	最近能看吗
4069	什么时候满
4070	最低能多少
4071	前面有挡吗
4072	是靠近美兰湖的吗
4073	明天可以看吗？
4074	这套房源价格还有优惠空间么？
4075	吵的那个马路
4076	3202似乎是毛坯，难道是3205？
4077	你那个不是也是毛坯吗
4078	带其它配房吗
4079	请问首付和贷款是多少？
4080	有产证吗
4081	可以看房不？
4082	青林是毛坯么
4083	这个是几期
4084	这两套都能看么
4085	分哪年买的
4086	这是西里的啊
4087	明天可以看不
4088	加上税之后多少钱能卖
4089	不是二期的？
4090	什么时候能够看房呢？
4091	这套房源价格还有优惠空间么？
4092	2号楼的01是什么户型啊
4093	您好！是哪个小学的学区？
4094	这套税怎么样
4095	什么时候能够看房呢？
4096	不知道有多少议价空间
4097	您好，我想了解金湖听语即将上架的4室房源报价。
4098	什么时候能够看房呢？
4099	装修好了的？
4100	第二个是边户还是中间户
4101	什么时候能够看房呢？
4102	可贷款吗
4103	有房子可以看吗
4104	那只要交契税吗？
4105	首付
4106	最低多少？
4107	您好，我想了解御桥花园即将上架的1室房源报价。
4108	哪里的房子
4109	可以公积金贷款吗？
4110	现在那个组团有证了呢？
4111	小学和中学是哪个学校啊？
4112	在哪
4113	哪里的学位？
4114	这套房源价格还有优惠空间吗？
4115	这个房子咋样
4116	税费高吗
4117	嗯，还是要去看看
4118	周边有什么配套设施
4119	180能卖哇
4120	今天能看嘛
4121	这个满几
4122	价格能便宜不
4123	在哪里呀
4124	你好贵姓？明天方便看房吗
4125	房本下来了吗
4126	您好，请问这个房子周边有哪些学校
4127	这个最低能多少
4128	大概能谈多少
4129	您好，请问这个房子周边有哪些学校？
4130	亲，明天帮忙约一下业主看房
4131	房子位置在哪？
4132	这套房还可以看吗
4133	什么时候能够看房呢？
4134	什么时候可以看
4135	光线好吗
4136	五一能看吗
4137	您好，我正在看融创依云郡的房子
4138	家具家电有吗
4139	家具家电都留吗
4140	能看吗
4141	您好，请问这个户型有啥优缺点
4142	您好，请问这个房子的首付、税费和贷款是怎样的？
4143	那个地段啊？
4144	想看这个房子
4145	明天看看
4146	有没有税
4147	是边户吗
4148	其他费用还有哪些？还有议价空间吗？
4149	今天能看吗
4150	一开始200万降到193那套嘛
4151	什么时候满二哇
4152	那个多久能看
4153	釆光各方面怎么样？
4154	哦 这个价格能谈么
4155	今天能看不
4156	还能讲吗
4157	想看看环境
4158	您好，请问这个房子周边有哪些学校
4159	多少买进的
4160	你好这个是全款吗
4161	装修如何
4162	您好，请问这个户型有啥优缺点
4163	哦，靠路的话可能就不行了
4164	多少钱能谈
4165	这是西景家园东远还是西院？
4166	这是家装房还是串子啊？
4167	什么时候能够看房呢？
4168	有初高中指标吗
4169	扬名一寸学区是南长街和乔谊吧
4170	你好，请问蒂凡尼这套房最低买多少
4171	房子好看么
4172	560最低？
4173	这套不能看?
4174	这个114的是精装？
4175	您好，我正在看保利香槟国际的房子
4176	这套房源价格还有优惠空间么？
4177	小学，初中分别划片哪些学校？
4178	能用公积金贷款吗？
4179	什么时候能够看房呢？
4180	两套能不能一起看了
4181	还有多久能满二
4182	这套什么情况呢
4183	中学呢
4184	我上次给你发的那个房子是毛坯是吧
4185	你问问最低多少能出
4186	你说的这个地下能见到阳光吗
4187	是不是个精装空房
4188	有税没
4189	不要求配套
4190	里面还有一訞层我也想去看看
4191	能看房吗？
4192	业主可以再谈的空间有多大？
4193	明天能看看吗
4194	他这房子还是清水房
4195	老闵行周边配套怎么样
4196	什么时候能够看房呢？
4197	节日期间什么时候可以看房
4198	这个能看吗？
4199	好的，我看什么时间过去把这两套房看看
4200	这个房子产证有没有满5年了 最近不是说有个什么新政吗
4201	能看房吗
4202	现在可以看房吗
4203	契税和营业税几个点
4204	临街不
4205	一会能看么？我在这附近
4206	什么时候能够看房呢？
4207	周边配套
4208	明天能看房吗
4209	你好，小学和初中是哪里啊
4210	还没   小区的房子行情我了解过    看这个房子卖的挺便宜   你刚才也说带车位   房子我关注了好久
4211	这个价格还能聊吗
4212	得空也去看看
4213	我想看一下这个房子，可以带看一下吗
4214	对付款方式有什么要求
4215	能优惠到多少？
4216	这个今天能看么
4217	三村的两房什么能看
4218	这是小学还是初中还是高中？
4219	还能降多少
4220	采光怎么样呢
4221	能挡阳光吗
4222	采光有影响么
4223	这个是临街的嘛
4224	这个是房贷吗
4225	您好，请问这套房源首付是多少？
4226	附近有哪些第一梯队的？价位和面积多少
4227	没说房主承担契税，这种房子的契税 是多少
4228	可以谈到多少呢
4229	今天能看房嘛？
4230	初中呢
4231	什么时候能够看房呢？
4232	有税吗
4233	价格还能便宜吗
4234	北区的房子是不是时间久了
4235	这套价格还有没得少哦，我记得我去看过。
4236	周边配套，教育，小区环境等
4237	这套房源价格还有优惠空间吗？
4238	要求全款吗？
4239	你好，为啥这套房税费这么高?
4240	请问，这套房子，业主能接受吗最低价是多少？
4241	现在方便带我看一下吗
4242	你好，这套房子带家具出售吗？
4243	这个房子有证吗？
4244	二期有高税吗
4245	装修怎么样
4246	现在能看了么
4247	什么时候能够看房呢？
4248	是不是不如5层那个阳光好？
4249	这个可以正常贷款么
4250	房子什么情况
4251	个税都没有，还有增值税？
4252	这套业主最低多少能谈
4253	我这个周末有时间，可以带我去看看吗
4254	这套方便看房吗
4255	有房子可以看看吗
4256	价钱业主还能谈吗
4257	二手房的话税费怎么收的？
4258	好，我们商量一下，这个能谈下来多少？大概均价是多少这个小区
4259	这套价格可以谈吧
4260	不是伦教小学的吗
4261	😂走不了路了 明天忍忍可以看两套
4262	精装带家具吗
4263	前面有遮挡吗
4264	临街这边吗？
4265	底价
4266	什么时候能够看房呢？
4267	南区的吗？
4268	没有证怎么交易啊
4269	75.7万包括屋内装潢家具电器吗
4270	现场可以看房吗
4271	不满两年有高税啊
4272	看哪里带?
4273	您好，我想咨询高林居住区一里小区
4274	你帮我约一下，看看能不能后天看看
4275	之前发的房子能看吗
4276	你看看在这附近有的话一起看看
4277	小学呢
4278	哦哦 采光有遮挡吗
4279	一会看看吧
4280	有几个区
4281	您好，请问这套房子的周边配套有哪些？
4282	哪里？
4283	您好，请问这套房子的首付和税费是多少？
4284	税一共多少点？
4285	首付多少呢？
4286	我周末休息!可以看一下吧吗？
4287	有税费吗
4288	能不能带我看一下房子
4289	价格有商量吗
4290	晚上能看吗
4291	这套房的降价空间有多少？
4292	你好，南苑北苑有没有有房产证的30万左右的小房子
4293	这套房子今天能看吗
4294	您好，请问这个户型有啥优缺点
4295	在哪里？
4296	行 可以去看看
4297	您好，请问这个户型有啥优缺点
4298	什么时候满5年
4299	二套只需要3%的契税吗
4300	还有房子可以看吗
4301	能贷款吗？
4302	其他费用还有哪些？还有议价空间吗？
4303	没有，没到二年税大概多多少
4304	确定能看吧
4305	可以看几套
4306	约个90多方的看看
4307	最近有好的房子吗？带我看看
4308	请问对口的小学是哪个
4309	500以内现在能下来吗
4310	可以看看
4311	税费如何付
4312	您好，我正在看东门永新街59号的房子
4313	您好，我正在看仁恒PARK小区的成交信息
4314	读哪个学校呢
4315	现在的低价是多少
4316	现在看房能看吗？
4317	国展六楼的最低多少钱能卖
4318	这套业主业主多少能卖
4319	这套房源价格还有优惠空间吗？
4320	这个小区有没有对口学校？
4321	有不动产证吗？
4322	周六能看不
4323	您好，请问这个房子周边有哪些学校？
4324	16栋是靠东边还是靠西边
4325	上哪个小学
4326	初中上哪里？
4327	小陈最近有房子可以看吗
4328	今天可以看房吗
4329	这房子可以看嘛
4330	这是几期的呢？
4331	能看吧
4332	价格有优惠不
4333	读九江小学？
4334	这套最少多少钱
4335	这套房子可以看吗
4336	在哪个位置
4337	都需要，孩子上小学需要好一点的学校配套成熟点的
4338	这种一般能谈到多少呀
4339	是惠城区的吗
4340	我想不起来你说的位置在哪？
4341	这是几期的？
4342	这个是边间吗
4343	之前还说可以470
4344	中学读哪里对口
4345	这个可以读蒙小?
4346	这套房源价格还有优惠空间吗？
4347	毛坯吗
4348	您好，这个小区价格很高呀，周边有什么配套或者优势吗
4349	您好，请问这个房子周边有哪些学校？
4350	您好，请问这个房子周边有哪些学校？
4351	家具这些呢
4352	不知道西区11楼可以谈多少下来
4353	300可能吗？
4354	能看房吗
4355	您好，我想咨询得力名望府小区的信息
4356	还有周边什么学校配套
4357	什么时候过二
4358	这个也可以看看
4359	大概能谈多少下来
4360	这不是离皇岗小学远，距福民小学近？
4361	平江中学是分部还是本部?
4362	我想看下这房子
4363	明天能不能看
4364	中学呢
4365	房本下来了么
4366	这个房子产权证有吗？
4367	哦，我想知道大概什么时候去
4368	是几期的？
4369	什么时候能够看房呢？
4370	有证吗
4371	120可以卖吗
4372	三楼会不会挡光
4373	读什么学校
4374	晒不到太阳吗?
4375	有房本就行，是吗
4376	可以看看吗？
4377	这个靠里面吗
4378	这个看过，最低多少
4379	户型我看不怎么样
4380	我想去看看
4381	多少空间
4382	价格可谈吗？
4383	那边学校随便读嘛
4384	嗯，还是要去看看
4385	这个我也想看看
4386	小学
4387	这个房子咋样？
4388	这个房子有增值税吗
4389	您好，我想咨询欧风华庭小区
4390	能不能谈嘛 不然我找其他人再问下
4391	其他费用还有哪些？还有议价空间吗？
4392	初中呢？
4393	不是三牌楼小学和50中吗
4394	您好，我想咨询七街公馆小区
4395	最近看房的需求多吗
4396	能看吗
4397	业主所有的家具家电都留下吗？
4398	请问这个房子在俊腾的什么位置
4399	房子能看吗？
4400	预计能聊很多吗
4401	什么时候能够看房呢？
4402	说是205万，五一以后可以看
4403	您好，请问这个房子周边有哪些学校？
4404	想看看
4405	什么时候能够看房呢？
4406	看看呢
4407	香雪兰溪那套房能看吗？
4408	什么时候能够看房呢？
4409	您好，我正在看青枫墅园的房子
4410	要是房子能看或者你嫩有带看
4411	明天看看去？
4412	这个小区的周边配套是什么一个情况呀？
4413	两个能都看吗
4414	你估计能少好多
4415	你好 他这个满几年了
4416	您好，请问这套房子的周边配套有哪些？
4417	这套房源价格还有优惠空间么？
4418	现在可以看吗
4419	我想线下看房，不知道你哪天有时间
4420	580那套包家具？
4421	满几
4422	在哪个位置呢
4423	我发这个房子可以看吗
4424	现在能看房吗，疫情稳定吗
4425	现在房贷利率多少
4426	是在什么位置的房？
4427	可以看吗
4428	什么时候能够看房呢？
4429	这套房是装好的嘛
4430	价位可以少吗？
4431	您好，请问这个房子周边有哪些学校？
4432	这个房子有贷款吗？
4433	你好。你昨晚讲的那套现在能看吗
4434	您好，请问这个房子周边有哪些学校？
4435	那那些小区 能上这个劲松分校？
4436	好久可以看哈房子
4437	这个房子多少税多少
4438	您好，我想咨询陕西省体育训练中心家属院小区的信息
4439	哪里的
4440	也要求满多久才能上学么
4441	有时间去看看
4442	您好，请问这个房子周边有哪些学校？
4443	房子什么情况呢
4444	有房本么？
4445	这房子价格还能谈多少？
4446	我想看一下这套房子
4447	这个房子在哪？
4448	这个能看吗
4449	几楼呢？采光怎么样？
4450	你不是今天带看吗？
4451	这个房子能看不
4452	您好，请问这个户型有啥优缺点
4453	做低后的税费？
4454	有没有中央空调
4455	现在想看看啊
4456	您好，我正在看南郊中茵城的房子
4457	东区还是西区？
4458	这儿能上什么中小学
4459	最低价多少？
4460	还可以讲价 😜
4461	可以看看
4462	您好，请问这个房子周边有哪些学校？
4463	这个房子可以看吗
4464	学区
4465	首付全下来20几万？
4466	您好!这个房子的学位?
4467	阳光怎么样
4468	家具家电都带吗
4469	想看这两间
4470	什么时候能够看房呢？
4471	房子价格大概能谈多少
4472	装修呢？
4473	除了这个税还要交什么税
4474	帮我约几个龙门的
4475	这个房子未满两年是吗，所以税很高
4476	走挡吗
4477	可以谈价不
4478	那个多久能看
4479	南北通透么
4480	您好，我正在看鞍山的房子
4481	什么时候能够看房呢？
4482	您好，请问这个户型有啥优缺点
4483	有高税吗
4484	您好，请问这个房子周边有哪些学校？
4485	我的意思全付的要付多少
4486	能带我看一下吗
4487	哦 那家具家电带嘛
4488	带所有家具家电？
4489	五一方便看房吗？
4490	晚上能看吗
4491	今天可以看？
4492	都有增值税吗
4493	是国际中心吧
4494	这套房源价格还有优惠空间吗？
4495	您好，请问这套房源首付是多少？
4496	那天你说还有一套可以带我看的房子
4497	赵经理，海韵家园的房你们能带看吗？
4498	现在可以看吗
4499	您好，请问这个户型有啥优缺点
4500	270价格能让多少
4501	就算去看，我怎么可能随便去看，我都不知道我去了能看什么房子，我就跑过去看？
4502	我这个房子你给我降降价吧！125万降到
4503	您好，我正在看芝大厦的房子
4504	您好，我正在看九里堤北路52号院的房子
4505	能ｖｒ看看吗
4506	不动产证？
4507	是清水还是精装修
4508	可以看房吗？
4509	能贷多少
4510	可以少？
4511	这两套都可以看不？
4512	配套的小学呢
4513	大税多少钱，还是清水房
4514	最低多
4515	多少钱能卖啊
4516	您好，我想了解新锦港花园即将上架的3室房源报价。
4517	能谈到多，
4518	你好，这套房子今天可以带看吗？
4519	你把那些你能看的靠谱的弄一起看
4520	都能看房吗
4521	这房多少钱能卖啊
4522	您好，请问这个户型有啥优缺点
4523	帮我看看这几套
4524	哪里的
4525	什么时候能看房
4526	什么时候能够看房呢？
4527	你先算下68万我承担增值税后，我拿到多少？
4528	这个是业主自己卖的，还是那种专门装修一下卖的？
4529	想看一下这套房子
4530	其他费用还有哪些？还有议价空间吗？
4531	契税几个点？
4532	有没有特殊情况？
4533	带家具电器的吗
4534	您好，请问这个房子周边有哪些学校
4535	什么时候能够看房呢？
4536	在那个位置
4537	有没有带家具性价比可以的
4538	前面有没有遮挡？
4539	这个是清水还是装修的
4540	明天能看吗
4541	什么时候能够看房呢？
4542	在小区什么位置
4543	这房子多少钱最低
4544	含了吗
4545	大型商场什么的
4546	你看你能讲多少吧，家具啥都不要
4547	今天能看吗
4548	这套1980的有空间吗
4549	您好，请问这个房子周边有哪些学校
4550	此房价带家具吗？
4551	不要家私电器25有机会吗
4552	有证吗？
4553	能贷款吗
4554	这套房源价格还有优惠空间吗？
4555	这房子能上什么学校呢？
4556	是哪里的？
4557	有空看看
4558	证下来没有
4559	啥时候满？
4560	这个可以看不？
4561	还有其他税啥的嘛？
4562	77万一次性付清？
4563	这个小学，中学是什么
4564	现在能那个看吗
4565	房子价格可以谈么
4566	没有声音是什么情况？
4567	价格能谈吗？
4568	还能讲价吗？
4569	家具家电都带吗
4570	可以看房吗
4571	是小区那个位置
4572	单位宿舍电梯房？具体什么位置？
4573	五一期间可随时看房
4574	初中还是小学
4575	汇景苑这房子周末可以看吗？
4576	是的。这房子在几栋？没有遮挡什么的吧？
4577	那什么时候满二年
4578	底价多少
4579	便宜多少了
4580	可以一起看
4581	在什么位置？几㥪？
4582	周边的配套怎么样
4583	价格可以再谈谈吗？我只问你买
4584	桃园小区对口，川中南校吗
4585	我想了解一下房子
4586	今天下午带我去看一下的房子
4587	价格最低多少？几楼
4588	有无产证？
4589	五一可以看房吗
4590	初中部只收九小的？
4591	最低呢
4592	340万，有可能吗？
4593	毛坯还是装修的
4594	有增值税吗？
4595	有多大议价空间？
4596	想了解一下旭辉华庭这个房子
4597	您好，我想了解温莎杰座即将上架的4室房源报价。
4598	有产权吗
4599	这套房源价格还有优惠空间吗？
4600	这套房源价格还有优惠空间吗？
4601	这套房子能看么
4602	再带我看看房子吧
4603	现在能看吗？
4604	我先这里看一下
4605	他这个价格最多可以谈多少
4606	配套啊
4607	啥时候能看啊
4608	这个有遮挡吗
4609	什么时候能够看房呢？
4610	可以贷款么？
4611	价格可以下浮多少？
4612	首付多少
4613	五环外的房子是不是有最高贷款额？
4614	这个房子我2号或者4号要去看看，你看能约哪天？
4615	中华新村单开间看房方便么？
4616	配套教育呢 是楼梯房咯
4617	什么时候看看？
4618	买满两年的二手房，要交什么税？
4619	看房子吧
4620	精装？
4621	先看房子
4622	可以看吗
4623	税费?起来多少
4624	6层不把边吧
4625	哪个学区房啊
4626	能看就去看
4627	这个对付款方式，周期，户口什么的有要求吗
4628	有多少空间啊
4629	什么时候能够看房呢？
4630	这个房子是对口二小吗
4631	房子首付和税费是多少？
4632	南北通透？
4633	现在到我线上看房吗
4634	什么时候能够看房呢？
4635	他的家具都会留下吗，还是搬走
4636	配套
4637	您好，请问这个户型有啥优缺点
4638	这套房源价格还有优惠空间么？
4639	哪里哦
4640	还能降吗
4641	这两套底价多少
4642	能看吗
4643	税费大概多少
4644	过两年了吗
4645	我想看几套房子
4646	现在几套能看
4647	花园城是带哪个学校？
4648	什么时候能够看房呢？
4649	有产证吗
4650	我想看看房子
4651	什么税？
4652	首付，，杂费及月供能不能帮算一下
4653	什么时候能够看房呢？
4654	房子二套首付多少
4655	配套教育呢
4656	付款方式呢
4657	靠铁道吗？
4658	帮我介绍下观湖苑的房子
4659	什么时候可以去看房呢
4660	这两套约个时间去看看
4661	对了增值税不是他交
4662	嗯 最低多少钱
4663	看不？
4664	有房产证吗
4665	那这套去看一下吧
4666	什么时候过户，什么时候付全款吧
4667	现在是空房还是在住的
4668	是和达玺悦的吗
4669	能不能推荐下最好的房子，包括周边配套，环境，公园
4670	有房产证吗？
4671	二套税多少
4672	我想看下房子
4673	您好，请问这个户型有啥优缺点
4674	什么时候能够看房呢？
4675	您好，请问这个房子周边有哪些学校
4676	有没有装修好的这个小区
4677	什么时候能够看房呢？
4678	有房产证的吗？
4679	是精装修么
4680	有大税吗？
4681	这房子方便看吗
4682	可以看看房子吗
4683	最低多少钱
4684	有时间看看吧
4685	看房方便吧？
4686	这个房子能看不
4687	这套问问最低能谈到多少
4688	能预约看房吗？
4689	能谈多少
4690	这个小区周边有配套吗
4691	明天能看房吗
4692	您好，我想咨询雨花南路小区
4693	您好，请问这个房子周边有哪些学校？
4694	不靠吕岭路的
4695	那什么时候可以看看呢
4696	您好，请问这个房子周边有哪些学校？
4697	中学呢
4698	什么时候满二
4699	一期是北院吗
4700	随时看房吗
4701	这个最低多少钱
4702	远大有潜力？
4703	现在可以看房吗
4704	得空也去看看
4705	空间？
4706	这套房源价格还有优惠空间吗？
4707	这个有没有网点
4708	还能优惠吗
4709	看房方便吗
4710	能看吗
4711	您好，请问这个房子周边有哪些学校？
4712	对口小学群中学是？
4713	什么时候能够看房呢？
4714	什么时候可以看房子呢
4715	可以去看看房子吗
4716	好能看吗
4717	今天能看吗
4718	这是边户还是中间户
4719	能谈到多少
4720	看看呢
4721	议价空间多少？
4722	视野如何？
4723	是在南区吧
4724	 这个周边有什么学校吗？
4725	能贷多少年
4726	你给透个底，这个房子能降多少
4727	你好 这个也是一期的吗
4728	带我看看吧
4729	采光影响吗？
4730	有证吗
4731	价位可有多少优惠
4732	装修风格不知道怎么样
4733	必须全款么
4734	带我去看看，我想出去看看其他的世界
4735	你说的那套房子是什么情况
4736	这个可以看房不
4737	什么时候可以去看一下？
4738	价格还不问他
4739	划片中小学？
4740	能看吗
4741	你好，这套现在可以看吗
4742	哦。一期的呢？
4743	是因为不能看吗？
4744	看房方便吗
4745	这个证件齐全吗
4746	你知道我看上那套最低能多少出吗
4747	装修呢
4748	你估计南北通透这套最低价多少？
4749	什么时候能够看房呢？
4750	这种二楼卧室采光很差吗？我在上班
4751	周边生活配套设施怎样
4752	什么时候能够看房呢？
4753	金地花园谈价，你觉得能谈多少
4754	不能贷款吗
4755	麻烦带看一下这套房子
4756	您好，请问这个户型有啥优缺点
4757	这个是几期的呐
4758	这个价格还能聊吗
4759	这个小区是什么小学啊
4760	可以按揭贷款吗
4761	可以分期吗
4762	几期的房
4763	下午有时间可以看房不？
4764	友谊大街小学？
4765	您好，能帮我详细介绍下绿地世纪城(二期)么
4766	是什么小学呀
4767	能贷多少
4768	嗯 这个过户费 杂七杂八的税费需要多少?
4769	要求首付多少
4770	什么时候可以去看
4771	税是不是我交
4772	方便去看看吗
4773	您好，我正在看保利麓谷林语的房子
4774	可以公积金贷款的
4775	满两年，怎么还有增值税
4776	是几期的，朝那边
4777	这套房源价格还有优惠空间吗？
4778	还有个奥莱汇，那个地方怎么样？
4779	周围配套怎么样
4780	14层的那套有税吗
4781	价钱呢？
4782	请问是什么学区呢
4783	满几年了
4784	这个没有增值税？
4785	个税不要吗
4786	晚点能看房吗
4787	这个房子是怎么情况啊
4788	周边配套齐全一些
4789	都是这种户型吗
4790	这个房子看房方便吗
4791	你的意思是不能圈？
4792	有税吗
4793	在马路边？
4794	现在可以看几个
4795	我同事想买，你了解下2房的多少钱单价比较合理？
4796	家具家电带着吗
4797	有的话我想看一看
4798	哪里的
4799	你觉得房子怎么样？
4800	大概降了多少每平
4801	什么时候能够看房呢？
4802	蓝山湾这套150万的能看吗？
4803	税有多少呢
4804	附近还有什么配套设施吗
4805	最低什么价格？
4806	您好，请问这个户型有啥优缺点
4807	大概业主多少空间
4808	你好  这个房子首付款比例正常么？是不是带家具家电？
4809	啥时候能看
4810	什么时间能看
4811	你好   可以看房嘛
4812	还是精装修
4813	您好，请问这套房子的底价是多少？
4814	这个什么时候满2年
4815	什么时候能够看房呢？
4816	房东跟你说低价了嘛？
4817	可以看房吗
4818	可以看一下不
4819	41号楼8层能看吗
4820	啥时候能看
4821	这套价格能谈吗？
4822	牡丹花园都没有房本吗
4823	房子可以看吗
4824	这房子在小区哪个位置
4825	你好 有大税吗
4826	几号院
4827	你这优惠力度不大啊
4828	然后同户型那个185的看一下
4829	能便宜吗
4830	我想约一下
4831	730万这个能低多少？
4832	这个小区是哪个小学的学区
4833	房子房本是一个人的么
4834	价格还有少么
4835	这边教育，交通，公园配套完善不
4836	这套房源价格还有优惠空间吗？
4837	交通便利，配套完善一些的就行
4838	您好，请问这个户型有啥优缺点
4839	这个房子什么情况
4840	靠马路吗
4841	有大税吗
4842	带小学不
4843	多久能满二
4844	有证没有，
4845	您好，请问这套房源首付是多少？
4846	您好，请问这个房子周边有哪些学校？
4847	亲 中关村能上小学的学校有哪些
4848	什么时间能看房？
4849	最近能看吗
4850	意思就是交付完有没有房产证
4851	拿不着房产证？
4852	明天下午能看吗
4853	一会能看吗
4854	几期的
4855	这套房子额外税有多少
4856	这个能谈多少？
4857	什么时候能够看房呢？
4858	我这个周末有时间，可以带我去看看吗
4859	家具带吗
4860	天鹅湖花园的现在可能看
4861	请问和平里不满五年的毛胚房有多少钱的税金
4862	前面有挡么
4863	价格还能优惠吗
4864	这套房对口什么小学
4865	这套房源价格还有优惠空间么？
4866	我想要看一下这个房子
4867	小学
4868	可以看房吗
4869	这套业主什么时候方便看呢？
4870	看房方便吗
4871	不要叫我去看房
4872	这个是48中本部吗
4873	装修就是VR看到的这个样子吗
4874	家具装修从图片上看质量不行，是专门装修卖房的吗
4875	能不能谈
4876	是哪栋啊，临街吗
4877	价格有空间吗
4878	这个房子啥时满两年
4879	毛坯怎么有家具
4880	那个采光临街都有问题
4881	价位还能谈不
4882	您好，我想了解高境一村即将上架的2室房源报价。
4883	可以去看看
4884	配套那些怎么样
4885	先找时间看看吧
4886	看房方便吗？
4887	我想约之前了解清楚这个房子的情况
4888	是的，现在可以看嘛
4889	什么时候能够看房呢？
4890	采光怎么样？
4891	现在方便吗
4892	 您好 请问花语拾光怎样
4893	配套学区哪个小学，初中
4894	有装修吗？
4895	把边儿吗
4896	能看不？
4897	80中是重点学校吗
4898	可以组合贷吗？
4899	你好，为什么我无法上传房产证
4900	这套房源价格还有优惠空间吗？
4901	全款能谈到多少
4902	三楼的可以看吗
4903	什么时候能够看房呢？
4904	房本几年啦
4905	可谈多少
4906	有房子可以看看嘛
4907	南区的吗
4908	什么时候可以看
4909	莱茵翠景有毛坯吗0
4910	您好，请问这个房子周边有哪些学校？
4911	那这种情况能买吗
4912	可以按揭吗？
4913	1楼，2楼，4楼，8楼都是没有大稅的？
4914	现在能看看吗
4915	能不能看
4916	您好，我正在看洛铜嘉苑的房子
4917	房子能看吗
4918	可以贷款吗？
4919	几期
4920	方便看吗
4921	今天能看嘛
4922	房子是东户还是西户
4923	明天来看看
4924	这个房子能看吗
4925	在小区的什么位置
4926	有没有能贷款的
4927	挡光吗
4928	哪里啊
4929	价格有优惠空间吗
4930	今天上午可以看看漫城的那套房子吗？
4931	小区新，配套没有啊
4932	关键我需要知道能谈多少 才能决定要哪个啊
4933	现在是拿到产权了吗
4934	这套房源价格还有优惠空间吗？
4935	什么时间看房子
4936	明天我准备去看看
4937	证在手吗？
4938	我一会过来看看，你再多找几套
4939	税费对方付？
4940	这个小区对口什么小学和初中？
4941	您好，我想了解第五大道即将上架的2室房源报价。
4942	还能降多少
4943	这个最低价多少？
4944	房子所在区域及周边介绍
4945	什么时候可以看？
4946	现在不能看嘛
4947	有老证的吗
4948	还有税是吧
4949	麻烦带我看一看
4950	这套能看？
4951	看房方便吗
4952	那带我去看看不😁
4953	这种房子税费一定非常大
4954	您好，这套可以看吗
4955	还有别的税吧
4956	一区和二区？
4957	这个房子看房方便吗
4958	明白了，这套房子是在一期还是二期的，在几楼？
4959	这套房源价格还有优惠空间吗？
4960	现在这个房子可以看不
4961	什么时候看房都可以吗？
4962	明天下午能看房子吗
4963	最低多少
4964	随时看？
4965	这个位置在哪
4966	采光怎么样
4967	随时能看？
4968	家具一起的吗
4969	能看吗
4970	保利心语对口哪个小学呢
4971	这个房子是哪个小学的。
4972	价格最低能到多少
4973	今天可以看吗
4974	学区是哪
4975	这套房子还能便宜吗？
4976	是边户吗？
4977	橡树岭这套170多平的复式最便宜多少钱
4978	可以看吗
4979	采光有没有什么问题，房子你去看过嘛
4980	价格是不是还能谈啊
4981	有没有土地证啊？
4982	想问下这个房子里的家具家电房东要留下哪些？
4983	这套房源价格还有优惠空间吗？
4984	周末的时候方便过去看看吗
4985	这房子方便看吗
4986	谈价格不是你们中介先谈吗
4987	丽景城有宝中学位房？
4988	您好，请问这个房子周边有哪些学校？
4989	地下室怎么采光
4990	毛胚是吗？
4991	那税费是什么情况
4992	这个房子对口的小学是哪个
4993	下午能看吗
4994	您好，请问这个房子的首付、税费和贷款是怎样的？
4995	这套房源价格还有优惠空间吗？
4996	150万能谈吗
4997	这个房子报价低，是有税吧
4998	几期
4999	这房子能看吗
5000	什么时候能够看房呢？
5001	我想看下房子
5002	业主心里价格多少钱卖啊？
5003	带家具家电？
5004	这套只能全款对吧
5005	临街的咋样
5006	这套房源价格还有优惠空间么？
5007	我还想会不会降价呢
5008	几期的？
5009	这套房源价格还有优惠空间吗？
5010	是几期的，吵
5011	明天能看吗
5012	你能帮我简单介绍下房子不，到时候有空我带我老婆去看看
5013	其他的能看得见不。多找几套？
5014	能优惠么
5015	什么时候能够看房呢？
5016	可以谈到多少呢
5017	看房子要提前约？
5018	价格能谈多少
5019	啥是差额首付款
5020	你好现在可以看房吗？
5021	随时能看？
5022	有没有高税哦
5023	这个房子什么时候可以去看下呀
5024	带家具吗？
5025	这套房源价格还有优惠空间么？
5026	您好，请问这个房子周边有哪些学校？
5027	房东最低心里价格？
5028	满几
5029	是第几期啊
5030	业主好谈价么
5031	你好，我想看沃尔玛周边房子
5032	在哪
5033	现在可以看吗
5034	您好，请问这个房子周边有哪些学校？
5035	您好，请问这个房子周边有哪些学校？
5036	请问首付和贷款是多少？
5037	多少钱心里价位
5038	价格还有谈吗
5039	这是2期的吗
5040	您好，请问这个户型有啥优缺点
5041	房东包增值税吗
5042	可以看房吗
5043	价位能谈嘛
5044	什么时候能带看
5045	天恒名城的房子可以看吗
5046	这个650装修这么好，而且家具还全赠送吧？
5047	能看吗？
5048	税费预计多少
5049	小学是省一级吗
5050	哪里的
5051	全款嘛。这个还稍微可以接受
5052	三区吗
5053	看房都能看吗？
5054	商贷不是贵？
5055	想多看几个
5056	小陈，今天看房了吗
5057	这个房子可以看吗
5058	能看房吗
5059	这小区里都有税么
5060	这套价格上最低多少呢
5061	是南院还是北院？
5062	最低大概多少
5063	是公积金贷款
5064	毛坯吗
5065	带装修要看装的怎么样
5066	是清水还是装修过的？
5067	一期？二期？
5068	您好，我想咨询鼎基丽湾域南区小区
5069	公寓有产权证吗？
5070	这个房子可以看嘛？
5071	您好，我想咨询现代雅筑小区
5072	隔壁的是装修好些吗
5073	首付大约多少
5074	您好，我想了解琶洲新村即将上架的1室房源报价。
5075	前排低区靠马路
5076	这个是房本吗
5077	周边有学校，在省人民医院和郑州市第一人民医院中间，考虑
5078	这个能看吗
5079	楼层有点低，是临街吗
5080	有时间联系你看房
5081	这个有大税吗
5082	什么时候能够看房呢？
5083	你问问吧，今天能看么
5084	还有降价空间吗
5085	这房子最低多少钱
5086	这个税费多少呀
5087	有证吗
5088	我可以过去看看嘛
5089	知春里11号楼5层明天上午能看吗
5090	精装修，近地铁，有配套，安静，250左右 ，2房或以上，近未来科技城，安静，采光好
5091	是毛坯吗
5092	客厅太大有点浪费，楼层也高了点，最好12楼左右，是不是北面靠马路的吧
5093	是南师附小吗
5094	上次那个房子现在可以看吗
5095	这套房子可以看嘛
5096	其他费用还有哪些？还有议价空间吗？
5097	什么时候可以看
5098	你了解一下，有时间去看看
5099	能看么
5100	价位能商量不？
5101	请问这套房子二套首付几成
5102	税大概多少钱
5103	其他费用还有哪些？还有议价空间吗？
5104	那边目前居住还是缺点配套吧
5105	可以看吗？
5106	有房产证吗？
5107	不是刚两年？
5108	进才初中除了进才小学，还对口其他小学吗？
5109	下周还是想来看一下
5110	您好，请问这个户型有啥优缺点
5111	这个价钱还有的谈不
5112	带深外中学？
5113	首付多少可以没有个税，或者很少的个税
5114	带全套家具吗
5115	配套的教学资源是什么
5116	没有证吗
5117	什么时候能够看房呢？
5118	什么时候能够看房呢？
5119	那个小区可以带看不？
5120	这个房看房方便吗
5121	其他费用还有哪些？还有议价空间吗？
5122	什么时候能够看房呢？
5123	你发的房子在哪里
5124	这个房子首付大概多少呢
5125	您好，我正在看博大海蓝湾的房子
5126	大概还有多少余地
5127	好的，这个房子还有空间吗
5128	这个房子最低多少钱？
5129	您好，我想咨询双山里小区
5130	价格有多大空间？
5131	什么时候能够看房呢？
5132	价格还有得谈吗
5133	千佛山西路11号是不是可以看房呀
5134	这套是行知十三中对口么
5135	房子所在区域及周边介绍
5136	周围配套怎么样？
5137	可以看看
5138	哦 现在没满五的话 税费大概多少
5139	在哪里啊？
5140	价格现在谈到了多少
5141	现在可以看房不
5142	100这套是装修过的吗？
5143	配套怎么样？价位？
5144	可以看房吗
5145	啥时候满两年
5146	你发的这个是哪里？
5147	什么时候能够看房呢？
5148	您好，我正在看中航格澜郡阳光花园的房子
5149	这个房子有税吗
5150	什么时候方便看房
5151	有没有装修好点的
5152	房子能优惠多少
5153	价格能便宜吗？
5154	那个啥时候满二
5155	请问这是几期
5156	现在可以看一下吗？
5157	您好，请问这个房子周边有哪些学校
5158	景博中学学区的房子是哪个
5159	您好，我想咨询阳光100阿尔勒小区
5160	这个是那户
5161	方便去看看吗
5162	这套房子业主卖的原因了解吗
5163	什么时候能够看房呢？
5164	二期的是吧？
5165	以前你们怎么交易这个小区的房子
5166	这套我看过时6号的吗，价格能谈多少
5167	首付多少？
5168	我今天看下房
5169	什么时候能够看房呢？
5170	这个是哪一期的房子
5171	初中和联盟小区一样，都上的42中是么
5172	最上面的那个户型是从早到晚都见不上太阳吗
5173	沿街吗
5174	我不想交税，多不值得
5175	我想看哈房子
5176	这属于哪个中学
5177	你说的玫瑰公馆70万的房子，能看不
5178	初中
5179	满几年了
5180	有多大议价空间
5181	这房子有税是吗？
5182	帮我看看6号楼101是什么户型呗
5183	您好，我想咨询明天第一城7号院小区
5184	什么时候可以看？
5185	这个能公积金贷款吗？
5186	这套房源价格还有优惠空间吗？
5187	证满几年
5188	离南岸近一点最好，还要考虑周围配套
5189	您好，我想咨询#福盈中央山#小区
5190	现在是什么学区
5191	您好，请问这个户型有啥优缺点
5192	装修好家具家电都带？
5193	可以看吗
5194	具体情况是怎么样？
5195	这套房源价格还有优惠空间吗？
5196	周边有什么配套啊
5197	这些都是一期吗
5198	周六能看嘛
5199	离东特星加坡花园远吗
5200	什么时候满二年呢
5201	可以看房吗
5202	学区是什么学校
5203	园区配套怎么样
5204	大税？
5205	有无遮挡
5206	这套低价多少？
5207	这个带不带家具家电的
5208	挡光吗？
5209	这套房子怎么样呢
5210	建工的房子 价格空间有多少呀？
5211	学区是什么学校
5212	能看房？
5213	有毛坯吗
5214	什么时候能够看房呢？
5215	什么时候能够看房呢？
5216	看房方便吗
5217	就是配套和发展这方面
5218	您好，我想咨询#芜湖宜居香城湾#小区
5219	税费高吗
5220	和睦公寓是啥学区的
5221	方便的时候看看
5222	可以货款吗？
5223	您好，请问这个房子周边有哪些学校
5224	都是房产证在手上的
5225	这套房子能看吗
5226	有大税么
5227	什么优惠
5228	采光咋样
5229	在网上写着是2002年交易过？
5230	一楼这个价格预计能谈多少
5231	这个房子是必须全款吗
5232	这个价格能谈多少
5233	能谈多少
5234	88万能讲到嘛
5235	这套房源价格还有优惠空间么？
5236	最近可以看房不
5237	还可以讲价吗
5238	现在最低能多少钱？
5239	60能卖吗
5240	这套房源价格还有优惠空间吗？
5241	能看里面吗
5242	能不能看喃
5243	哪的学位
5244	临街？
5245	这个价格还能谈不
5246	尽量多看几套
5247	价格能谈吗
5248	这个可以看看
5249	哪里的
5250	毛坯吗这个
5251	什么时候能够看房呢？
5252	什么时候能够看房呢？
5253	满几
5254	小兄弟帮我算一下首付多少钱
5255	价格可以少不
5256	能看吗
5257	其他费用还有哪些？还有议价空间吗？
5258	这个小区靠近森林公园远吗
5259	先帮我问问底价吧
5260	这个都方便看吗
5261	您好，请问这个房子周边有哪些学校？
5262	有现房吗 能看吗
5263	什么时候能够看房呢？
5264	在几层？家具家电带么
5265	有税吗
5266	能装吗？
5267	您好，请问这个房子周边有哪些学校？
5268	有多少贷款
5269	几楼采光怎么样
5270	什么时候能够看房呢？
5271	那套看一下吧
5272	最近有新上的好房可以看吗
5273	您好，请问这个房子周边有哪些学校
5274	可以去看看
5275	现在可以看不
5276	旧家具不带多少钱啊
5277	这个房子有税吗
5278	为什么没电梯/建的时间很久？或偏僻配套设施不齐全？
5279	后面这个可以看
5280	什么时候能够看房呢？
5281	去看看？？
5282	哦 那能看房吗
5283	价格还能谈吗
5284	这是几期的
5285	哦，随时方便看吗还是？
5286	学校划分哪？
5287	降多少可以短时间卖出去
5288	您好，我想咨询天都花园小区的信息
5289	有大税么
5290	哦，那你带我看一下吗？
5291	现在能看看吗
5292	有300能下来的不？
5293	北区好像有好几套一房，要么沿街，要么楼层不好
5294	森兰名佳是哪里？
5295	这个房子价格还有得谈吧
5296	最低多少钱
5297	我想看看
5298	可以看房吗
5299	你问问白天能看不
5300	三期的是吧？
5301	毛坯是吧
5302	我想看看
5303	税费多少
5304	请问这套是第几期的？
5305	这个地方在那里？
5306	你看看可以约到吗？可以的话，一起去看了
5307	博士新居不能看？
5308	嗯，现在就能看
5309	中学呢？
5310	中学有吗？
5311	您好，请问这个房子周边有哪些学校？
5312	你这边能看螺岭的房子吗？2房
5313	这个房子可以看吗？
5314	您好，请问这个房子周边有哪些学校
5315	您好，我想了解金荣园即将上架的2室房源报价。
5316	这套房源价格还有优惠空间么？
5317	五桥吗
5318	这套房子可以公积金贷款吗
5319	随时能看不
5320	什么时候能够看房呢？
5321	现在可以带看？
5322	什么时候能够看房呢？
5323	这个是不是在那个坎坎下面
5324	我想了解一些这套房子
5325	价格可以谈吗
5326	最主要的是还能讲点下来
5327	什么时候能够看房呢？
5328	能看看吗
5329	满3了吗？
5330	初中是哪所中学
5331	您好，请问这个户型有啥优缺点
5332	可以看看吗
5333	几期的
5334	还要多久满2
5335	这个可以去看看的
5336	这套房源价格还有优惠空间么？
5337	什么学校？
5338	这个价格还能少吗
5339	有其他的税吗？
5340	大金燕  配套什么幼儿园 小学了
5341	就是正常住宅交可交易是吧
5342	临路吗
5343	现在可以看房吗？
5344	您好，请问这个房子周边有哪些学校
5345	什么时候能够看房呢？
5346	有时间没，我们去亲水湾看两套房子
5347	这个价是带家具家电的吗
5348	我想问一下可以看房吗
5349	最低多少钱
5350	有5.6增值税?
5351	就不能看了？
5352	不影响第二套公积金贷款嘛
5353	什么时候满
5354	这套房源价格还有优惠空间吗？
5355	得周末了，我先选几套相中的，集中看一下
5356	可以看房？
5357	什么时候能够看房呢？
5358	您好，请问这个户型有啥优缺点
5359	可以看看房子吗？
5360	这套房源价格还有优惠空间吗？
5361	你看你们什么时候方便呐
5362	带家具？
5363	几年内房本
5364	那你最低见过多少
5365	B区吗
5366	业主想多少钱？
5367	您好，请问这个房子周边有哪些学校？
5368	这个房子的房产证拿到了吗？
5369	二楼的，采光怎么样
5370	中午可以看看
5371	位置不靠马路吧？下午三点左右
5372	东边户还是西边户
5373	家具家电是送的吗？
5374	这套房源价格还有优惠空间么？
5375	这套房源价格还有优惠空间么？
5376	什么时候能够看房呢？
5377	赠家具、家电？赠地下室吗？
5378	什么时候能够看房呢？
5379	你没告诉客户。价钱可以谈吗
5380	你说的格林小高是哪个？能一起看一下吗
5381	什么时候可以看看
5382	这个房子带家具吗？
5383	有税吗
5384	几栋 靠路边么
5385	今天晚上可以看这个一层的么？
5386	有装修吗
5387	一般什么时候满两年
5388	价格可以少不？
5389	属于啥学区
5390	这户型哪不好
5391	玉兰几期？
5392	什么时候满五
5393	为什么半装修？
5394	 您好 请问花语拾光怎样
5395	什么时候能够看房呢？
5396	家具全部都搬走了？?
5397	在哪里
5398	这个房子是国亭几期
5399	加税吗
5400	这是18户那个户型的吗
5401	能看吗？
5402	富力有小学？
5403	这个房子价格还可以谈不
5404	你好，这房谈过价格吗？
5405	有证没
5406	这套房源价格还有优惠空间么？
5407	这个有税么
5408	这是底价么
5409	这套房源价格还有优惠空间么？
5410	现在可以看啊
5411	就晚上有时间了解房子
5412	价格能不能便宜
5413	现在方便吗
5414	有本吗
5415	您好，请问这套房源首付是多少？
5416	这套房源价格还有优惠空间么？
5417	能看么，现在？
5418	小学呢
5419	一室一厅或者单间配套都可以
5420	我想周末看看房子
5421	你好，请问这个房子配套的学区是哪里呀？
5422	先找时间看看吧
5423	可以看不？
5424	这套现在可以看吗
5425	有税吗
5426	是要交一个税是吗
5427	这房方便看房不
5428	学区
5429	增值税多少
5430	今年已经几年了？
5431	是中间户？
5432	这个低价多少
5433	可以贷款么
5434	这套房子的价格可以谈到多少？
5435	临街算硬伤吧
5436	你实体看过觉得怎么样？
5437	而且没什么议价空间
5438	这个是毛坯还是装修后的？
5439	有税吗？
5440	临街吗？
5441	带装修的吗？
5442	您好，请问这个房子周边有哪些学校？
5443	首付17？
5444	这个还有大税吗
5445	您好，我想咨询淮安市市级机关西院生活区小区
5446	请问这个什么学位的？
5447	您好，请问这个房子周边有哪些学校
5448	我纠结价格，大谈能谈多少啊
5449	南北通透吗
5450	房子可看吗
5451	星期一看下
5452	采光怎么样
5453	光线好吗
5454	有税吗
5455	底价多少
5456	什么时候能够看房呢？
5457	这个是全款吗
5458	不能盲目得看
5459	你好 这个是一期的房吗
5460	这套房源价格还有优惠空间么？
5461	位置在哪里呀
5462	什么户型
5463	这套房源价格还有优惠空间么？
5464	您好，请问周边配套怎么样
5465	满能上吗
5466	配套什么小学
5467	中学是哪家？
5468	那113中学呢
5469	这个房子临街吗
5470	这个小区对口什么初中
5471	有地铁配套成熟的
5472	可以看吗
5473	您好，请问这个房子周边有哪些学校？
5474	看他能降到多少了
5475	是不是被旁边新修的遮住了？
5476	采光怎么样
5477	你好，这个房子什么时候可以去看看
5478	明天可以多看几套的
5479	这个是一期？
5480	您好，请问这个房子周边有哪些学校？
5481	您好，请问这个房子周边有哪些学校？
5482	135万能谈吗
5483	没证是吧
5484	户型
5485	这个房子明天能看么
5486	我还以为可以先看
5487	家电？
5488	那这图片咋还是毛坯的
5489	东向和西的还能谈吗
5490	您好，请问这个房子周边有哪些学校？
5491	现在可以看房吗
5492	房子有增值税?
5493	小邱，哪天带我看看这套房子
5494	再买了还能上小学吗？
5495	这个180几有没有可能
5496	这个可以看？
5497	该房对应小学？
5498	户型
5499	遮挡多吗
5500	吉盛几期的
5501	你好，这个房子是40年的，有房本吗？
5502	还有多久两年
5503	有毛坯吗
5504	这个小区是不是也有高层
5505	您好，请问这个户型有啥优缺点
5506	您好，请问这个房子周边有哪些学校
5507	这老房子能按揭吗？
5508	南区还是北区
5509	这个房子在120万谈得下来吗
5510	顶楼，有税吗？
5511	下午能看房子么
5512	满几年的
5513	能看吗？
5514	小学读哪里？
5515	这个是随时可看吗
5516	今天什么时候方便看？
5517	有低价吗？
5518	学区
5519	税费还要多少？
5520	您好，请问这个房子周边有哪些学校？
5521	你好，这里小学是哪里啊
5522	是11号房那种户型不
5523	这是几期
5524	房价降了吗
5525	什么时候能够看房呢？
5526	契税和个税大概好多呢
5527	嗯嗯，方便带我看一下嘛
5528	什么时候满呢
5529	这套房源价格还有优惠空间吗？
5530	哥这套读啥小学
5531	还能谈吗
5532	这是几期的
5533	可以看吗
5534	最低还能到多少？
5535	那个645的可以看吗？
5536	这个房子不就降了不少吗
5537	有证吗
5538	我想要大概了解一下这个房子
5539	不满5税高？
5540	我知道  我是说  税是按最后成交价算的吗
5541	你去谈个低价吧
5542	挨着马路呢，
5543	什么时候可以看
5544	这个初中是101吗
5545	下午可以看房吗？
5546	税费要十几万?
5547	什么时候能够看房呢？
5548	可以看不呢
5549	这个什么时候方便看啊？
5550	什么时候能够看房呢？
5551	还有好久满两年呢
5552	40年产权的是税费高吗
5553	这套房啥情况
5554	您好，请问这个房子周边有哪些学校？
5555	您好这房子能看吗
5556	家居家电全送嘛
5557	在哪
5558	有房本吗
5559	现在还能走那个4.9那个不。
5560	底价多少
5561	不能分期吧
5562	税卖房管吗？
5563	房子可以看吗？
5564	房子在哪里
5565	小学呢
5566	您好，请问这个房子周边有哪些学校
5567	这套房源价格还有优惠空间吗？
5568	是不是就是以前台北路小学？
5569	税费多少
5570	10楼那个房子价格还有没有少
5571	有户型看吗？
5572	这个税费多少
5573	采光怎么样啊
5574	行，我看看，有空可以看看。
5575	你好，请问这个房子在哪儿
5576	您好，我正在看民族路100号院的房子
5577	我们以后都不能用公积金买房吗
5578	可以优惠多少
5579	请问首付和贷款是多少？
5580	你看可以不
5581	这边上哪个学校
5582	低楼层是不是采光有问题啊？
5583	哪里的房子？
5584	五一看看吧
5585	证件齐全？
5586	我看看有时间去看看可以吗
5587	750的那套，价格还可以谈
5588	好，能看房最好
5589	什么时候方便看下
5590	今天想去看看，可以安排吗？
5591	一期还是二期
5592	卖的话也不满两年吧
5593	他这个是带家具吗
5594	这个初中高中都是上哪个
5595	您好，我想咨询星福家园小区
5596	属于哪个小学？
5597	在什么位置
5598	加上税费总价大概在多少？
5599	什么时候能够看房呢？
5600	它的周围环境怎样
5601	东边还是西边呀
5602	今天能看吗
5603	是学期房吗？
5604	有增值税吗？
5605	其他费用还有哪些？还有议价空间吗？
5606	可以多找几套看看吗
5607	桥哪边呢
5608	您好，请问这个房子周边有哪些学校？
5609	采光是不是比较差
5610	多找几个一起看一下
5611	您好，我正在看禹洲御湖郡的房子
5612	什么时候能够看房呢？
5613	您好，我正在看成都玩家的房子
5614	什么时候能够看房呢？
5615	中间套么
5616	6楼采光怎么样
5617	毛胚房是吗
5618	什么时间可以看
5619	这个房子能不能看房
5620	什么时候能够看房呢？
5621	那天你帮我算的那套房子.可以看看吗
5622	这房子现在能成交的底价多少
5623	这个贷款可以用住房公积金吗？
5624	这套房子的情况介绍一下？
5625	看房方便吗
5626	什么时候能够看房呢？
5627	对，议价空间？
5628	那个150万没有可能吗
5629	请问首付和贷款是多少？
5630	今天夜里可以么
5631	采光怎么样
5632	有房子看吗
5633	采光怎么样
5634	这个小区对应哪个幼儿园和小学
5635	可以看吗？
5636	都挨着路
5637	东边户还是西边户
5638	看房方便吗
5639	可以看房吗？
5640	有对口初中吗
5641	金丰北区南区都行
5642	这房子子，有本吗
5643	周围配套设施如何？
5644	看房方便吗？
5645	周边的中小学情况？
5646	三居室能看几个
5647	中小学？
5648	哦，现在能看吗？
5649	您好，请问这个户型有啥优缺点
5650	可以贷款？
5651	您好，请问这个房子周边有哪些学校
5652	业主的房子满几年了
5653	挡光吗
5654	明天可以看房吗
5655	你好，明天有时间带我看下房子吗
5656	我想看一下这套房子
5657	五一能看房吗
5658	能约上哪个看哪个
5659	周边的中小学情况？
5660	过两年了吗
5661	下午咱俩发的这几套能看不
5662	可以看不
5663	105以内能谈？
5664	房子能看吗
5665	您好，我正在看都市阳光名苑的房子
5666	有没有没有装修过的
5667	我知道，首付加税安多少帮我查一下我
5668	这套房源价格还有优惠空间吗？
5669	有电梯？小学，中学呢
5670	还价空间大吗？
5671	这个房上哪个小学
5672	临街呀
5673	什么时候可以看房
5674	明天能看吗
5675	清水的嘛
5676	这个靠道边吗？
5677	什么时候能够看房呢？
5678	什么时候能够看房呢？
5679	您好，请问这个房子周边有哪些学校？
5680	我想看看房
5681	价格能谈吗
5682	是二期吧
5683	二套首付要多少
5684	2万的诚意金可以退吗
5685	随时能看？
5686	请问这个房可以读哪里的小学和中学呢？
5687	500万行吗
5688	205您觉得最便宜多少钱可以买下来
5689	就想看看这个
5690	这套房源价格还有优惠空间么？
5691	缺点不少，价格能优惠吗
5692	这个龙湖带装修吗
5693	低楼层影响采光吗
5694	不然应该会配合看房啊
5695	毛坯呀
5696	产权几年了
5697	是万科几期的
5698	想看房子
5699	采光咋样
5700	最近可以看房吗
5701	谢谢   中学呢
5702	周围是什么学区呢
5703	估计减不下来多少
5704	您好，我正在看恒鼎博邑郡的房子
5705	可几套一起看
5706	议价空间多少
5707	可以看吗
5708	什么时候能够看房呢？
5709	下次吃饭时去看看？
5710	阳光怎么样
5711	家具呢
5712	这个房子学区是哪
5713	未来科技城其实配套都还没有上来
5714	这房子下周末能看吗
5715	这个房子是什么情况！
5716	家具不准备带走啦？
5717	可以明天帮我问一下么？
5718	房子能看吗
5719	他最低多少钱？
5720	什么时候可以看
5721	我5:30的时候会在广石附近，如果可以看的话，5:30左右能不能看看。
5722	配套没要求
5723	统筹是哪个小学没招满去哪上吗
5724	估计最低多少
5725	这个在哪啊
5726	联系九楼我也去看一下可以吗？
5727	有家具家电吗
5728	麻烦带看一下这套房子
5729	小刘。可以看看这套房不
5730	这个可以看看
5731	这个有证
5732	哪个包大税呀
5733	这套房源价格还有优惠空间吗？
5734	这个小区的房源多么
5735	你好，这套嘉园下午可以约看吗。
5736	这套房底价多少？
5737	T2采光不知道咋样
5738	您好，请问这个房子周边有哪些学校？
5739	其他费用还有哪些？还有议价空间吗？
5740	什么时候能够看房呢？
5741	有证吗
5742	这个房子在哪
5743	初中在哪上？
5744	美女，这套房子满几年了？
5745	玉兰花园是几期？
5746	这个房子可以看吗
5747	税费大概多少
5748	房子在几期
5749	五一能看吗
5750	这是哪里啊
5751	我想问一下，金色乐府配套学区是哪些呢
5752	现在可以看吗
5753	房子的位置
5754	有证没
5755	万科红读哪个学校
5756	这套房源价格还有优惠空间么？
5757	然后周边配套还可以，不要太旧
5758	你这个35做下来税算了吗
5759	什么时候能够看房呢？
5760	您好，请问这个房子周边有哪些学校？
5761	您好，请问这个户型有啥优缺点
5762	现在可以看吗？
5763	是几期？
5764	几期的
5765	可以按揭么
5766	我想看下房子
5767	价位还能商量不
5768	能看么
5769	有税吧
5770	能谈到多少呢
5771	最低156？
5772	是哪里的楼
5773	是几期的
5774	这个房子装修怎么样？
5775	有税吗
5776	南向两居室是不是都是靠街的？
5777	这个知道，不愿意去这个小区
5778	这个房子能贷款吗？
5779	这个房子 现在能看不
5780	昨天房子卖了，想看看附近房子
5781	二套买进的话税大概多少？
5782	请问首付和贷款是多少？
5783	您好，请问这个房子周边有哪些学校？
5784	请问此房屋有配套的家电吗？
5785	你可以简单介绍一下吗
5786	您好，我想咨询#蜀镇·锦悦府#小区
5787	我还是想看看房子
5788	明天能看么
5789	带装修吗
5790	你们中介费最低多少
5791	请问首付和贷款是多少？
5792	小孩可以上一小吗
5793	价格帮忙调到278吧，如果确实有看中的再谈，你觉得行不行？
5794	学区哪里
5795	中学呢
5796	装修好了吗？
5797	带家具吗
5798	底层是不是光线太差了
5799	税费多少？
5800	什么时候能够看房呢？
5801	房本在手没？
5802	想看看房
5803	业主谈价空间还大吗
5804	二楼的底价多少
5805	看看上面那个房子
5806	周边配套设施怎么样
5807	价格有多大空间？
5808	看房子都可以吗？
5809	什么时候能够看房呢？
5810	我晚饭后过来看房可以吗？
5811	你好，这个对口小学和初中是？
5812	周边有什么
5813	之前咨询过这个小区的一套，170万，包车位，毛坯的，你感觉价格怎样
5814	小区周围配套怎么样
5815	怎么还有增值税
5816	您好，我正在看宝华源墅小区，想咨询小区均价
5817	带家具吗
5818	这个能看吗？多少楼的
5819	您好，请问这个房子周边有哪些学校？
5820	帅哥，明天能不能去看一下连城的房子
5821	二套房首付多少
5822	不冷
5823	欧，那这套房子怎么样尼
5824	这个63有大税吗？
5825	公积金和商贷都是三成？
5826	价格还能谈点吗
5827	其他费用还有哪些？还有议价空间吗？
5828	满几年了
5829	什么时候能够看房呢？
5830	挡光么
5831	这房子有大税吗？
5832	临街？
5833	然后同户型那个185的看一下
5834	初中呢
5835	这个装修怎么样
5836	好的， 有空去看看
5837	这个是读树人小学的吗
5838	您好，请问这个户型有啥优缺点
5839	四川交响乐团小学新开的吗
5840	采光么
5841	这套业主可以建面一万？
5842	溪月那套房子可以看一下嘛？
5843	这套房子最低多少钱
5844	全款么
5845	喔，没有谈的余地了
5846	什么时候能够看房呢？
5847	这个房子是不是税费很高
5848	是一期的对吗？
5849	可以看房？
5850	我咨询下祥和小区
5851	中午过去看看吧，预约一下看房。
5852	现在能那个看吗
5853	几期的？
5854	什么时候能够看房呢？
5855	可以优惠多少
5856	这是一期吗
5857	东北的看一下
5858	我想看看
5859	这套房临街还是小区
5860	10万不可以？
5861	靠马路那栋？
5862	家具家电都送吗
5863	在哪里点
5864	可以公积金贷款吗
5865	什么时候能够看房呢？
5866	你好，五一假期可不可以安排几套房子看一下？
5867	这房价有多少空间
5868	哪套能看
5869	小邱，哪天带我看看这套房子
5870	可以看吗
5871	你了解一下，有时间去看看
5872	挡光吗
5873	估计看那些房呢，给发一下吧
5874	我和我朋友说了一下 你约下房主吧 今天能看吗
5875	560这个价钱还可以谈么
5876	可以看房不
5877	这套房源价格还有优惠空间吗？
5878	你是第一房屋的吗
5879	那有时间可以看看去
5880	明珠那里是不
5881	在什么位置
5882	最近有房子看吗？
5883	这个房产证是有的吗？
5884	可以看吗？
5885	请问是清水还是装修的呢
5886	上次说的房型怎么样了
5887	您好，请问这个房子周边有哪些学校？
5888	房子可以谈价格吗
5889	这个采光怎么样
5890	鹭江花园周围呢
5891	有产证吗
5892	什么时候可以看呢？
5893	什么时候能看
5894	行，回头周末我联系你，你带我去看看
5895	增值税能掏多少
5896	这套房源价格还有优惠空间吗？
5897	您好，请问这套房源首付是多少？
5898	这套房底价多少？
5899	能看看吗
5900	户型
5901	您好，我想咨询金纬东苑小区
5902	前面有厢楼挡着吗
5903	临街？
5904	还能便宜点不
5905	学区？
5906	哪个中学，我主要为孩子上学
5907	现在满2年的  还要交多少费用
5908	有本吗
5909	房东这些家具家电用的什么牌子
5910	靠路吗
5911	这套房源价格还有优惠空间么？
5912	这个房子什么情况
5913	初中什么学区呢
5914	现在有房本吗
5915	今天看能不能约到
5916	这套还有谈价的空间吗
5917	您好，我想咨询绿地康桥新苑小区
5918	这个房子满多少年了
5919	我看房子挺老的，公积金能贷吗
5920	您好，请问这个户型有啥优缺点
5921	那就必须全款了是吧
5922	满几的
5923	明天方便去看看不
5924	临不临街
5925	这是还迁房？有房产证吗
5926	靠马路吗，哪条
5927	带我看一下嘛
5928	可以看房吗
5929	户型是？
5930	这套房源价格还有优惠空间么？
5931	靠马路和外环吗
5932	挨着河还是中间
5933	您好，请问随时可以带看吗
5934	这个房子  可以看房嘛
5935	这套房源价格还有优惠空间吗？
5936	79的房子什么时候可以看
5937	哪里的
5938	您好，请问这个房子周边有哪些学校
5939	现在方便看吗
5940	35万 可卖？
5941	这套房源价格还有优惠空间吗？
5942	价格还可以少？
5943	明天可以看吗
5944	还能优惠不
5945	可以看了吗
5946	什么时候能够看房呢？
5947	满三满二是吧
5948	请问下永泰园对口小学
5949	什么时候能够看房呢？
5950	有空看看房子吗
5951	最后这套是哪里啊？
5952	您好，稻香园小区对口小学是？
5953	都不得缴契税吗
5954	您好，请问这个房子周边有哪些学校？
5955	这套低价多少呢
5956	靠路吧
5957	有边户型吗
5958	这套房源价格还有优惠空间吗？
5959	这个样子明天我有时间，可以看房不
5960	你好，这房子上哪个学校
5961	这房子满几了
5962	24号楼靠近马路吗
5963	有增值税吗？
5964	哪里的
5965	综合考虑的 莘城还可以配套也不错
5966	您好，我正在看华幸小区小区的成交信息
5967	今天能看房嘛？
5968	可以看房吗
5969	您好，请问这个房子周边有哪些学校
5970	还有星云苑的4套都能看吗？
5971	这会能看上不
5972	增值税是多少
5973	这套房子下午可以看吗
5974	什么时候可以看？
5975	有房产证吗？
5976	这套房源价格还有优惠空间么？
5977	小学学位是龙口西学位吗
5978	周边配套差不多点
5979	有没有房产证
5980	今天可以带看么
5981	我想看看这个房子
5982	在那个位置呢
5983	你给我介绍一下房子情况吧
5984	还能不能便宜了
5985	可几套一起看
5986	好久可以看房
5987	我看像没住过人呢。感觉都没怎么装修呢
5988	可以看房吗
5989	这套能看了吗
5990	星火小学对应的初中有哪些？
5991	有房本吗
5992	公积金可以贷款吗
5993	哪个小学
5994	价格能谈多少
5995	好一起看一下
5996	对口什么小学
5997	可以贷公积金吗
5998	您好，我正在看尚林家园的房子
5999	今天可以安排看房子吗？
